NOMBRE;ISIN;FEC_VALORACION;VALOR_LIQUIDATIVO;DIVISA
SANTALUCIA RENTA VARIABLE INTERNACIONAL FI B;ES0112186012;14/09/2017;15,023525;EUR
SANTALUCIA RENTA VARIABLE INTERNACIONAL FI B;ES0112186012;15/09/2017;15,012744;EUR
SANTALUCIA RENTA VARIABLE INTERNACIONAL FI B;ES0112186012;18/09/2017;15,045099;EUR
SANTALUCIA RENTA VARIABLE INTERNACIONAL FI B;ES0112186012;19/09/2017;15,056597;EUR
SANTALUCIA RENTA VARIABLE INTERNACIONAL FI B;ES0112186012;20/09/2017;15,076703;EUR
SANTALUCIA RENTA VARIABLE INTERNACIONAL FI B;ES0112186012;21/09/2017;15,055478;EUR
SANTALUCIA RENTA VARIABLE INTERNACIONAL FI B;ES0112186012;22/09/2017;15,04913;EUR
SANTALUCIA RENTA VARIABLE INTERNACIONAL FI B;ES0112186012;25/09/2017;15,049318;EUR
SANTALUCIA RENTA VARIABLE INTERNACIONAL FI B;ES0112186012;26/09/2017;15,061736;EUR
SANTALUCIA RENTA VARIABLE INTERNACIONAL FI B;ES0112186012;27/09/2017;15,091508;EUR
SANTALUCIA RENTA VARIABLE INTERNACIONAL FI B;ES0112186012;28/09/2017;15,100227;EUR
SANTALUCIA RENTA VARIABLE INTERNACIONAL FI B;ES0112186012;29/09/2017;15,14461;EUR
SANTALUCIA RENTA VARIABLE INTERNACIONAL FI B;ES0112186012;02/10/2017;15,199873;EUR
SANTALUCIA RENTA VARIABLE INTERNACIONAL FI B;ES0112186012;03/10/2017;15,234678;EUR
SANTALUCIA RENTA VARIABLE INTERNACIONAL FI B;ES0112186012;04/10/2017;15,255355;EUR
SANTALUCIA RENTA VARIABLE INTERNACIONAL FI B;ES0112186012;05/10/2017;15,275955;EUR
SANTALUCIA RENTA VARIABLE INTERNACIONAL FI B;ES0112186012;06/10/2017;15,275787;EUR
SANTALUCIA RENTA VARIABLE INTERNACIONAL FI B;ES0112186012;09/10/2017;15,261521;EUR
SANTALUCIA RENTA VARIABLE INTERNACIONAL FI B;ES0112186012;10/10/2017;15,26732;EUR
SANTALUCIA RENTA VARIABLE INTERNACIONAL FI B;ES0112186012;11/10/2017;15,278202;EUR
SANTALUCIA RENTA VARIABLE INTERNACIONAL FI B;ES0112186012;12/10/2017;15,304472;EUR
SANTALUCIA RENTA VARIABLE INTERNACIONAL FI B;ES0112186012;13/10/2017;15,331831;EUR
SANTALUCIA RENTA VARIABLE INTERNACIONAL FI B;ES0112186012;16/10/2017;15,341722;EUR
SANTALUCIA RENTA VARIABLE INTERNACIONAL FI B;ES0112186012;17/10/2017;15,327555;EUR
SANTALUCIA RENTA VARIABLE INTERNACIONAL FI B;ES0112186012;18/10/2017;15,345926;EUR
SANTALUCIA RENTA VARIABLE INTERNACIONAL FI B;ES0112186012;19/10/2017;15,326045;EUR
SANTALUCIA RENTA VARIABLE INTERNACIONAL FI B;ES0112186012;20/10/2017;15,376724;EUR
SANTALUCIA RENTA VARIABLE INTERNACIONAL FI B;ES0112186012;23/10/2017;15,385241;EUR
SANTALUCIA RENTA VARIABLE INTERNACIONAL FI B;ES0112186012;24/10/2017;15,392447;EUR
SANTALUCIA RENTA VARIABLE INTERNACIONAL FI B;ES0112186012;25/10/2017;15,340923;EUR
SANTALUCIA RENTA VARIABLE INTERNACIONAL FI B;ES0112186012;26/10/2017;15,387895;EUR
SANTALUCIA RENTA VARIABLE INTERNACIONAL FI B;ES0112186012;27/10/2017;15,459224;EUR
SANTALUCIA RENTA VARIABLE INTERNACIONAL FI B;ES0112186012;31/10/2017;15,470388;EUR
SANTALUCIA RENTA VARIABLE INTERNACIONAL FI B;ES0112186012;02/11/2017;15,501115;EUR
SANTALUCIA RENTA VARIABLE INTERNACIONAL FI B;ES0112186012;03/11/2017;15,536526;EUR
SANTALUCIA RENTA VARIABLE INTERNACIONAL FI B;ES0112186012;06/11/2017;15,553886;EUR
SANTALUCIA RENTA VARIABLE INTERNACIONAL FI B;ES0112186012;07/11/2017;15,550132;EUR
SANTALUCIA RENTA VARIABLE INTERNACIONAL FI B;ES0112186012;08/11/2017;15,554427;EUR
SANTALUCIA RENTA VARIABLE INTERNACIONAL FI B;ES0112186012;09/11/2017;15,492541;EUR
SANTALUCIA RENTA VARIABLE INTERNACIONAL FI B;ES0112186012;10/11/2017;15,452788;EUR
SANTALUCIA RENTA VARIABLE INTERNACIONAL FI B;ES0112186012;13/11/2017;15,41846;EUR
SANTALUCIA RENTA VARIABLE INTERNACIONAL FI B;ES0112186012;14/11/2017;15,373742;EUR
SANTALUCIA RENTA VARIABLE INTERNACIONAL FI B;ES0112186012;15/11/2017;15,291447;EUR
SANTALUCIA RENTA VARIABLE INTERNACIONAL FI B;ES0112186012;16/11/2017;15,389342;EUR
SANTALUCIA RENTA VARIABLE INTERNACIONAL FI B;ES0112186012;17/11/2017;15,402874;EUR
SANTALUCIA RENTA VARIABLE INTERNACIONAL FI B;ES0112186012;20/11/2017;15,439673;EUR
SANTALUCIA RENTA VARIABLE INTERNACIONAL FI B;ES0112186012;21/11/2017;15,518606;EUR
SANTALUCIA RENTA VARIABLE INTERNACIONAL FI B;ES0112186012;22/11/2017;15,505787;EUR
SANTALUCIA RENTA VARIABLE INTERNACIONAL FI B;ES0112186012;24/11/2017;15,519887;EUR
SANTALUCIA RENTA VARIABLE INTERNACIONAL FI B;ES0112186012;27/11/2017;15,499878;EUR
SANTALUCIA RENTA VARIABLE INTERNACIONAL FI B;ES0112186012;28/11/2017;15,553343;EUR
SANTALUCIA RENTA VARIABLE INTERNACIONAL FI B;ES0112186012;29/11/2017;15,575766;EUR
SANTALUCIA RENTA VARIABLE INTERNACIONAL FI B;ES0112186012;30/11/2017;15,591083;EUR
SANTALUCIA RENTA VARIABLE INTERNACIONAL FI B;ES0112186012;01/12/2017;15,549479;EUR
SANTALUCIA RENTA VARIABLE INTERNACIONAL FI B;ES0112186012;04/12/2017;15,557613;EUR
SANTALUCIA RENTA VARIABLE INTERNACIONAL FI B;ES0112186012;05/12/2017;15,525578;EUR
SANTALUCIA RENTA VARIABLE INTERNACIONAL FI B;ES0112186012;07/12/2017;15,513896;EUR
SANTALUCIA RENTA VARIABLE INTERNACIONAL FI B;ES0112186012;08/12/2017;15,565706;EUR
SANTALUCIA RENTA VARIABLE INTERNACIONAL FI B;ES0112186012;11/12/2017;15,579603;EUR
SANTALUCIA RENTA VARIABLE INTERNACIONAL FI B;ES0112186012;12/12/2017;15,589304;EUR
SANTALUCIA RENTA VARIABLE INTERNACIONAL FI B;ES0112186012;13/12/2017;15,57973;EUR
SANTALUCIA RENTA VARIABLE INTERNACIONAL FI B;ES0112186012;14/12/2017;15,54719;EUR
SANTALUCIA RENTA VARIABLE INTERNACIONAL FI B;ES0112186012;15/12/2017;15,585633;EUR
SANTALUCIA RENTA VARIABLE INTERNACIONAL FI B;ES0112186012;18/12/2017;15,672602;EUR
SANTALUCIA RENTA VARIABLE INTERNACIONAL FI B;ES0112186012;19/12/2017;15,658105;EUR
SANTALUCIA RENTA VARIABLE INTERNACIONAL FI B;ES0112186012;20/12/2017;15,650267;EUR
SANTALUCIA RENTA VARIABLE INTERNACIONAL FI B;ES0112186012;21/12/2017;15,677991;EUR
SANTALUCIA RENTA VARIABLE INTERNACIONAL FI B;ES0112186012;22/12/2017;15,688802;EUR
SANTALUCIA RENTA VARIABLE INTERNACIONAL FI B;ES0112186012;28/12/2017;15,692621;EUR
SANTALUCIA RENTA VARIABLE INTERNACIONAL FI B;ES0112186012;29/12/2017;15,672624;EUR
SANTALUCIA RENTA VARIABLE INTERNACIONAL FI B;ES0112186012;04/01/2018;15,853852;EUR
SANTALUCIA RENTA VARIABLE INTERNACIONAL FI B;ES0112186012;05/01/2018;15,932599;EUR
SANTALUCIA RENTA VARIABLE INTERNACIONAL FI B;ES0112186012;08/01/2018;15,967431;EUR
SANTALUCIA RENTA VARIABLE INTERNACIONAL FI B;ES0112186012;09/01/2018;15,982422;EUR
SANTALUCIA RENTA VARIABLE INTERNACIONAL FI B;ES0112186012;10/01/2018;15,945382;EUR
SANTALUCIA RENTA VARIABLE INTERNACIONAL FI B;ES0112186012;11/01/2018;15,955203;EUR
SANTALUCIA RENTA VARIABLE INTERNACIONAL FI B;ES0112186012;12/01/2018;15,98423;EUR
SANTALUCIA RENTA VARIABLE INTERNACIONAL FI B;ES0112186012;16/01/2018;15,974251;EUR
SANTALUCIA RENTA VARIABLE INTERNACIONAL FI B;ES0112186012;17/01/2018;16,005251;EUR
SANTALUCIA RENTA VARIABLE INTERNACIONAL FI B;ES0112186012;18/01/2018;15,993322;EUR
SANTALUCIA RENTA VARIABLE INTERNACIONAL FI B;ES0112186012;19/01/2018;16,049903;EUR
SANTALUCIA RENTA VARIABLE INTERNACIONAL FI B;ES0112186012;22/01/2018;16,085889;EUR
SANTALUCIA RENTA VARIABLE INTERNACIONAL FI B;ES0112186012;23/01/2018;16,126075;EUR
SANTALUCIA RENTA VARIABLE INTERNACIONAL FI B;ES0112186012;24/01/2018;16,089459;EUR
SANTALUCIA RENTA VARIABLE INTERNACIONAL FI B;ES0112186012;25/01/2018;16,077192;EUR
SANTALUCIA RENTA VARIABLE INTERNACIONAL FI B;ES0112186012;26/01/2018;16,11632;EUR
SANTALUCIA RENTA VARIABLE INTERNACIONAL FI B;ES0112186012;29/01/2018;16,094972;EUR
SANTALUCIA RENTA VARIABLE INTERNACIONAL FI B;ES0112186012;30/01/2018;15,976896;EUR
SANTALUCIA RENTA VARIABLE INTERNACIONAL FI B;ES0112186012;31/01/2018;15,954062;EUR
SANTALUCIA RENTA VARIABLE INTERNACIONAL FI B;ES0112186012;01/02/2018;15,949412;EUR
SANTALUCIA RENTA VARIABLE INTERNACIONAL FI B;ES0112186012;02/02/2018;15,776121;EUR
SANTALUCIA RENTA VARIABLE INTERNACIONAL FI B;ES0112186012;05/02/2018;15,487093;EUR
SANTALUCIA RENTA VARIABLE INTERNACIONAL FI B;ES0112186012;06/02/2018;15,31004;EUR
SANTALUCIA RENTA VARIABLE INTERNACIONAL FI B;ES0112186012;07/02/2018;15,373875;EUR
SANTALUCIA RENTA VARIABLE INTERNACIONAL FI B;ES0112186012;08/02/2018;15,198719;EUR
SANTALUCIA RENTA VARIABLE INTERNACIONAL FI B;ES0112186012;09/02/2018;15,107534;EUR
SANTALUCIA RENTA VARIABLE INTERNACIONAL FI B;ES0112186012;12/02/2018;15,232561;EUR
SANTALUCIA RENTA VARIABLE INTERNACIONAL FI B;ES0112186012;13/02/2018;15,202484;EUR
SANTALUCIA RENTA VARIABLE INTERNACIONAL FI B;ES0112186012;14/02/2018;15,270234;EUR
SANTALUCIA RENTA VARIABLE INTERNACIONAL FI B;ES0112186012;15/02/2018;15,4189;EUR
SANTALUCIA RENTA VARIABLE INTERNACIONAL FI B;ES0112186012;16/02/2018;15,487964;EUR
SANTALUCIA RENTA VARIABLE INTERNACIONAL FI B;ES0112186012;19/02/2018;15,491465;EUR
SANTALUCIA RENTA VARIABLE INTERNACIONAL FI B;ES0112186012;20/02/2018;15,466484;EUR
SANTALUCIA RENTA VARIABLE INTERNACIONAL FI B;ES0112186012;21/02/2018;15,467504;EUR
SANTALUCIA RENTA VARIABLE INTERNACIONAL FI B;ES0112186012;22/02/2018;15,439201;EUR
SANTALUCIA RENTA VARIABLE INTERNACIONAL FI B;ES0112186012;23/02/2018;15,515163;EUR
SANTALUCIA RENTA VARIABLE INTERNACIONAL FI B;ES0112186012;26/02/2018;15,628502;EUR
SANTALUCIA RENTA VARIABLE INTERNACIONAL FI B;ES0112186012;27/02/2018;15,590247;EUR
SANTALUCIA RENTA VARIABLE INTERNACIONAL FI B;ES0112186012;28/02/2018;15,470167;EUR
SANTALUCIA RENTA VARIABLE INTERNACIONAL FI B;ES0112186012;01/03/2018;15,324546;EUR
SANTALUCIA RENTA VARIABLE INTERNACIONAL FI B;ES0112186012;02/03/2018;15,230655;EUR
SANTALUCIA RENTA VARIABLE INTERNACIONAL FI B;ES0112186012;05/03/2018;15,32139;EUR
SANTALUCIA RENTA VARIABLE INTERNACIONAL FI B;ES0112186012;06/03/2018;15,389834;EUR
SANTALUCIA RENTA VARIABLE INTERNACIONAL FI B;ES0112186012;07/03/2018;15,387602;EUR
SANTALUCIA RENTA VARIABLE INTERNACIONAL FI B;ES0112186012;08/03/2018;15,46139;EUR
SANTALUCIA RENTA VARIABLE INTERNACIONAL FI B;ES0112186012;09/03/2018;15,595674;EUR
SANTALUCIA RENTA VARIABLE INTERNACIONAL FI B;ES0112186012;12/03/2018;15,647664;EUR
SANTALUCIA RENTA VARIABLE INTERNACIONAL FI B;ES0112186012;13/03/2018;15,604673;EUR
SANTALUCIA RENTA VARIABLE INTERNACIONAL FI B;ES0112186012;14/03/2018;15,57096;EUR
SANTALUCIA RENTA VARIABLE INTERNACIONAL FI B;ES0112186012;15/03/2018;15,549531;EUR
SANTALUCIA RENTA VARIABLE INTERNACIONAL FI B;ES0112186012;16/03/2018;15,542494;EUR
SANTALUCIA RENTA VARIABLE INTERNACIONAL FI B;ES0112186012;20/03/2018;15,442392;EUR
SANTALUCIA RENTA VARIABLE INTERNACIONAL FI B;ES0112186012;21/03/2018;15,42868;EUR
SANTALUCIA RENTA VARIABLE INTERNACIONAL FI B;ES0112186012;22/03/2018;15,27473;EUR
SANTALUCIA RENTA VARIABLE INTERNACIONAL FI B;ES0112186012;23/03/2018;15,051767;EUR
SANTALUCIA RENTA VARIABLE INTERNACIONAL FI B;ES0112186012;26/03/2018;15,140875;EUR
SANTALUCIA RENTA VARIABLE INTERNACIONAL FI B;ES0112186012;27/03/2018;15,167536;EUR
SANTALUCIA RENTA VARIABLE INTERNACIONAL FI B;ES0112186012;28/03/2018;15,101561;EUR
SANTALUCIA RENTA VARIABLE INTERNACIONAL FI B;ES0112186012;29/03/2018;15,214728;EUR
SANTALUCIA RENTA VARIABLE INTERNACIONAL FI B;ES0112186012;03/04/2018;15,135051;EUR
SANTALUCIA RENTA VARIABLE INTERNACIONAL FI B;ES0112186012;04/04/2018;15,151643;EUR
SANTALUCIA RENTA VARIABLE INTERNACIONAL FI B;ES0112186012;05/04/2018;15,380154;EUR
SANTALUCIA RENTA VARIABLE INTERNACIONAL FI B;ES0112186012;06/04/2018;15,216261;EUR
SANTALUCIA RENTA VARIABLE INTERNACIONAL FI B;ES0112186012;09/04/2018;15,215996;EUR
SANTALUCIA RENTA VARIABLE INTERNACIONAL FI B;ES0112186012;10/04/2018;15,341481;EUR
SANTALUCIA RENTA VARIABLE INTERNACIONAL FI B;ES0112186012;11/04/2018;15,29311;EUR
SANTALUCIA RENTA VARIABLE INTERNACIONAL FI B;ES0112186012;12/04/2018;15,354779;EUR
SANTALUCIA RENTA VARIABLE INTERNACIONAL FI B;ES0112186012;13/04/2018;15,367309;EUR
SANTALUCIA RENTA VARIABLE INTERNACIONAL FI B;ES0112186012;16/04/2018;15,403827;EUR
SANTALUCIA RENTA VARIABLE INTERNACIONAL FI B;ES0112186012;17/04/2018;15,531817;EUR
SANTALUCIA RENTA VARIABLE INTERNACIONAL FI B;ES0112186012;18/04/2018;15,590474;EUR
SANTALUCIA RENTA VARIABLE INTERNACIONAL FI B;ES0112186012;19/04/2018;15,556146;EUR
SANTALUCIA RENTA VARIABLE INTERNACIONAL FI B;ES0112186012;20/04/2018;15,493868;EUR
SANTALUCIA RENTA VARIABLE INTERNACIONAL FI B;ES0112186012;23/04/2018;15,499449;EUR
SANTALUCIA RENTA VARIABLE INTERNACIONAL FI B;ES0112186012;24/04/2018;15,456359;EUR
SANTALUCIA RENTA VARIABLE INTERNACIONAL FI B;ES0112186012;25/04/2018;15,361489;EUR
SANTALUCIA RENTA VARIABLE INTERNACIONAL FI B;ES0112186012;26/04/2018;15,471385;EUR
SANTALUCIA RENTA VARIABLE INTERNACIONAL FI B;ES0112186012;27/04/2018;15,502933;EUR
SANTALUCIA RENTA VARIABLE INTERNACIONAL FI B;ES0112186012;30/04/2018;15,491192;EUR
SANTALUCIA RENTA VARIABLE INTERNACIONAL FI B;ES0112186012;02/05/2018;15,449912;EUR
SANTALUCIA RENTA VARIABLE INTERNACIONAL FI B;ES0112186012;03/05/2018;15,359427;EUR
SANTALUCIA RENTA VARIABLE INTERNACIONAL FI B;ES0112186012;04/05/2018;15,485563;EUR
SANTALUCIA RENTA VARIABLE INTERNACIONAL FI B;ES0112186012;07/05/2018;15,556747;EUR
SANTALUCIA RENTA VARIABLE INTERNACIONAL FI B;ES0112186012;08/05/2018;15,598119;EUR
SANTALUCIA RENTA VARIABLE INTERNACIONAL FI B;ES0112186012;09/05/2018;15,651998;EUR
SANTALUCIA RENTA VARIABLE INTERNACIONAL FI B;ES0112186012;11/05/2018;15,782667;EUR
SANTALUCIA RENTA VARIABLE INTERNACIONAL FI B;ES0112186012;14/05/2018;15,794603;EUR
SANTALUCIA RENTA VARIABLE INTERNACIONAL FI B;ES0112186012;15/05/2018;15,72663;EUR
SANTALUCIA RENTA VARIABLE INTERNACIONAL FI B;ES0112186012;16/05/2018;15,788875;EUR
SANTALUCIA RENTA VARIABLE INTERNACIONAL FI B;ES0112186012;17/05/2018;15,815869;EUR
SANTALUCIA RENTA VARIABLE INTERNACIONAL FI B;ES0112186012;18/05/2018;15,800238;EUR
SANTALUCIA RENTA VARIABLE INTERNACIONAL FI B;ES0112186012;21/05/2018;15,84522;EUR
SANTALUCIA RENTA VARIABLE INTERNACIONAL FI B;ES0112186012;22/05/2018;15,85558;EUR
SANTALUCIA RENTA VARIABLE INTERNACIONAL FI B;ES0112186012;23/05/2018;15,789312;EUR
SANTALUCIA RENTA VARIABLE INTERNACIONAL FI B;ES0112186012;24/05/2018;15,757714;EUR
SANTALUCIA RENTA VARIABLE INTERNACIONAL FI B;ES0112186012;25/05/2018;15,781189;EUR
SANTALUCIA RENTA VARIABLE INTERNACIONAL FI B;ES0112186012;29/05/2018;15,678189;EUR
SANTALUCIA RENTA VARIABLE INTERNACIONAL FI B;ES0112186012;30/05/2018;15,716545;EUR
SANTALUCIA RENTA VARIABLE INTERNACIONAL FI B;ES0112186012;31/05/2018;15,701301;EUR
SANTALUCIA RENTA VARIABLE INTERNACIONAL FI B;ES0112186012;01/06/2018;15,78616;EUR
SANTALUCIA RENTA VARIABLE INTERNACIONAL FI B;ES0112186012;05/06/2018;15,87408;EUR
SANTALUCIA RENTA VARIABLE INTERNACIONAL FI B;ES0112186012;06/06/2018;15,929753;EUR
SANTALUCIA RENTA VARIABLE INTERNACIONAL FI B;ES0112186012;07/06/2018;15,945494;EUR
SANTALUCIA RENTA VARIABLE INTERNACIONAL FI B;ES0112186012;08/06/2018;15,94386;EUR
SANTALUCIA RENTA VARIABLE INTERNACIONAL FI B;ES0112186012;11/06/2018;16,003533;EUR
SANTALUCIA RENTA VARIABLE INTERNACIONAL FI B;ES0112186012;12/06/2018;16,026992;EUR
SANTALUCIA RENTA VARIABLE INTERNACIONAL FI B;ES0112186012;13/06/2018;16,03008;EUR
SANTALUCIA RENTA VARIABLE INTERNACIONAL FI B;ES0112186012;14/06/2018;16,049042;EUR
SANTALUCIA RENTA VARIABLE INTERNACIONAL FI B;ES0112186012;15/06/2018;15,98599;EUR
SANTALUCIA RENTA VARIABLE INTERNACIONAL FI B;ES0112186012;18/06/2018;15,958174;EUR
SANTALUCIA RENTA VARIABLE INTERNACIONAL FI B;ES0112186012;19/06/2018;15,863307;EUR
SANTALUCIA RENTA VARIABLE INTERNACIONAL FI B;ES0112186012;20/06/2018;15,923672;EUR
SANTALUCIA RENTA VARIABLE INTERNACIONAL FI B;ES0112186012;21/06/2018;15,865854;EUR
SANTALUCIA RENTA VARIABLE INTERNACIONAL FI B;ES0112186012;22/06/2018;15,856799;EUR
SANTALUCIA RENTA VARIABLE INTERNACIONAL FI B;ES0112186012;25/06/2018;15,670496;EUR
SANTALUCIA RENTA VARIABLE INTERNACIONAL FI B;ES0112186012;26/06/2018;15,683554;EUR
SANTALUCIA RENTA VARIABLE INTERNACIONAL FI B;ES0112186012;27/06/2018;15,643397;EUR
SANTALUCIA RENTA VARIABLE INTERNACIONAL FI B;ES0112186012;28/06/2018;15,610624;EUR
SANTALUCIA RENTA VARIABLE INTERNACIONAL FI B;ES0112186012;29/06/2018;15,662678;EUR
SANTALUCIA RENTA VARIABLE INTERNACIONAL FI B;ES0112186012;02/07/2018;15,589731;EUR
SANTALUCIA RENTA VARIABLE INTERNACIONAL FI B;ES0112186012;03/07/2018;15,63193;EUR
SANTALUCIA RENTA VARIABLE INTERNACIONAL FI B;ES0112186012;04/07/2018;15,615617;EUR
SANTALUCIA RENTA VARIABLE INTERNACIONAL FI B;ES0112186012;05/07/2018;15,635459;EUR
SANTALUCIA RENTA VARIABLE INTERNACIONAL FI B;ES0112186012;06/07/2018;15,717108;EUR
SANTALUCIA RENTA VARIABLE INTERNACIONAL FI B;ES0112186012;09/07/2018;15,829663;EUR
SANTALUCIA RENTA VARIABLE INTERNACIONAL FI B;ES0112186012;10/07/2018;15,883638;EUR
SANTALUCIA RENTA VARIABLE INTERNACIONAL FI B;ES0112186012;11/07/2018;15,778399;EUR
SANTALUCIA RENTA VARIABLE INTERNACIONAL FI B;ES0112186012;12/07/2018;15,866824;EUR
SANTALUCIA RENTA VARIABLE INTERNACIONAL FI B;ES0112186012;13/07/2018;15,910781;EUR
SANTALUCIA RENTA VARIABLE INTERNACIONAL FI B;ES0112186012;16/07/2018;15,86017;EUR
SANTALUCIA RENTA VARIABLE INTERNACIONAL FI B;ES0112186012;17/07/2018;15,918107;EUR
SANTALUCIA RENTA VARIABLE INTERNACIONAL FI B;ES0112186012;18/07/2018;15,955469;EUR
SANTALUCIA RENTA VARIABLE INTERNACIONAL FI B;ES0112186012;19/07/2018;15,944345;EUR
SANTALUCIA RENTA VARIABLE INTERNACIONAL FI B;ES0112186012;20/07/2018;15,942254;EUR
SANTALUCIA RENTA VARIABLE INTERNACIONAL FI B;ES0112186012;23/07/2018;15,927764;EUR
SANTALUCIA RENTA VARIABLE INTERNACIONAL FI B;ES0112186012;24/07/2018;15,980185;EUR
SANTALUCIA RENTA VARIABLE INTERNACIONAL FI B;ES0112186012;25/07/2018;15,99678;EUR
SANTALUCIA RENTA VARIABLE INTERNACIONAL FI B;ES0112186012;26/07/2018;16,058;EUR
SANTALUCIA RENTA VARIABLE INTERNACIONAL FI B;ES0112186012;27/07/2018;16,025005;EUR
SANTALUCIA RENTA VARIABLE INTERNACIONAL FI B;ES0112186012;30/07/2018;15,918767;EUR
SANTALUCIA RENTA VARIABLE INTERNACIONAL FI B;ES0112186012;31/07/2018;15,951671;EUR
SANTALUCIA RENTA VARIABLE INTERNACIONAL FI B;ES0112186012;01/08/2018;15,944832;EUR
SANTALUCIA RENTA VARIABLE INTERNACIONAL FI B;ES0112186012;02/08/2018;15,951176;EUR
SANTALUCIA RENTA VARIABLE INTERNACIONAL FI B;ES0112186012;03/08/2018;16,005907;EUR
SANTALUCIA RENTA VARIABLE INTERNACIONAL FI B;ES0112186012;07/08/2018;16,095093;EUR
SANTALUCIA RENTA VARIABLE INTERNACIONAL FI B;ES0112186012;08/08/2018;16,08651;EUR
SANTALUCIA RENTA VARIABLE INTERNACIONAL FI B;ES0112186012;09/08/2018;16,09406;EUR
SANTALUCIA RENTA VARIABLE INTERNACIONAL FI B;ES0112186012;10/08/2018;16,014503;EUR
SANTALUCIA RENTA VARIABLE INTERNACIONAL FI B;ES0112186012;13/08/2018;15,917488;EUR
SANTALUCIA RENTA VARIABLE INTERNACIONAL FI B;ES0112186012;14/08/2018;15,989652;EUR
SANTALUCIA RENTA VARIABLE INTERNACIONAL FI B;ES0112186012;16/08/2018;15,942604;EUR
SANTALUCIA RENTA VARIABLE INTERNACIONAL FI B;ES0112186012;17/08/2018;15,957406;EUR
SANTALUCIA RENTA VARIABLE INTERNACIONAL FI B;ES0112186012;20/08/2018;15,998447;EUR
SANTALUCIA RENTA VARIABLE INTERNACIONAL FI B;ES0112186012;21/08/2018;16,035824;EUR
SANTALUCIA RENTA VARIABLE INTERNACIONAL FI B;ES0112186012;22/08/2018;16,050775;EUR
SANTALUCIA RENTA VARIABLE INTERNACIONAL FI B;ES0112186012;23/08/2018;16,04136;EUR
SANTALUCIA RENTA VARIABLE INTERNACIONAL FI B;ES0112186012;24/08/2018;16,095797;EUR
SANTALUCIA RENTA VARIABLE INTERNACIONAL FI B;ES0112186012;28/08/2018;16,197646;EUR
SANTALUCIA RENTA VARIABLE INTERNACIONAL FI B;ES0112186012;29/08/2018;16,257683;EUR
SANTALUCIA RENTA VARIABLE INTERNACIONAL FI B;ES0112186012;30/08/2018;16,219052;EUR
SANTALUCIA RENTA VARIABLE INTERNACIONAL FI B;ES0112186012;31/08/2018;16,21639;EUR
SANTALUCIA RENTA VARIABLE INTERNACIONAL FI B;ES0112186012;03/09/2018;16,212458;EUR
SANTALUCIA RENTA VARIABLE INTERNACIONAL FI B;ES0112186012;04/09/2018;16,158043;EUR
SANTALUCIA RENTA VARIABLE INTERNACIONAL FI B;ES0112186012;05/09/2018;16,056997;EUR
SANTALUCIA RENTA VARIABLE INTERNACIONAL FI B;ES0112186012;06/09/2018;16,027471;EUR
SANTALUCIA RENTA VARIABLE INTERNACIONAL FI B;ES0112186012;07/09/2018;16,018437;EUR
SANTALUCIA RENTA VARIABLE INTERNACIONAL FI B;ES0112186012;10/09/2018;15,999966;EUR
SANTALUCIA RENTA VARIABLE INTERNACIONAL FI B;ES0112186012;11/09/2018;16,040631;EUR
SANTALUCIA RENTA VARIABLE INTERNACIONAL FI B;ES0112186012;12/09/2018;16,075157;EUR
SANTALUCIA RENTA VARIABLE INTERNACIONAL FI B;ES0112186012;13/09/2018;16,128842;EUR
SANTALUCIA RENTA VARIABLE INTERNACIONAL FI B;ES0112186012;14/09/2018;16,173395;EUR
SANTALUCIA RENTA VARIABLE INTERNACIONAL FI B;ES0112186012;18/09/2018;16,14157;EUR
SANTALUCIA RENTA VARIABLE INTERNACIONAL FI B;ES0112186012;19/09/2018;16,153585;EUR
SANTALUCIA RENTA VARIABLE INTERNACIONAL FI B;ES0112186012;20/09/2018;16,216591;EUR
SANTALUCIA RENTA VARIABLE INTERNACIONAL FI B;ES0112186012;21/09/2018;16,241895;EUR
SANTALUCIA RENTA VARIABLE INTERNACIONAL FI B;ES0112186012;25/09/2018;16,201686;EUR
SANTALUCIA RENTA VARIABLE INTERNACIONAL FI B;ES0112186012;26/09/2018;16,194429;EUR
SANTALUCIA RENTA VARIABLE INTERNACIONAL FI B;ES0112186012;27/09/2018;16,179516;EUR
SANTALUCIA RENTA VARIABLE INTERNACIONAL FI B;ES0112186012;28/09/2018;16,193343;EUR
SANTALUCIA RENTA VARIABLE INTERNACIONAL FI B;ES0112186012;01/10/2018;16,208372;EUR
SANTALUCIA RENTA VARIABLE INTERNACIONAL FI B;ES0112186012;02/10/2018;16,108949;EUR
SANTALUCIA RENTA VARIABLE INTERNACIONAL FI B;ES0112186012;03/10/2018;16,100605;EUR
SANTALUCIA RENTA VARIABLE INTERNACIONAL FI B;ES0112186012;04/10/2018;15,93765;EUR
SANTALUCIA RENTA VARIABLE INTERNACIONAL FI B;ES0112186012;05/10/2018;15,814454;EUR
SANTALUCIA RENTA VARIABLE INTERNACIONAL FI B;ES0112186012;09/10/2018;15,647809;EUR
SANTALUCIA RENTA VARIABLE INTERNACIONAL FI B;ES0112186012;10/10/2018;15,404096;EUR
SANTALUCIA RENTA VARIABLE INTERNACIONAL FI B;ES0112186012;11/10/2018;15,101591;EUR
SANTALUCIA RENTA VARIABLE INTERNACIONAL FI B;ES0112186012;12/10/2018;15,197176;EUR
SANTALUCIA RENTA VARIABLE INTERNACIONAL FI B;ES0112186012;15/10/2018;15,139213;EUR
SANTALUCIA RENTA VARIABLE INTERNACIONAL FI B;ES0112186012;16/10/2018;15,327523;EUR
SANTALUCIA RENTA VARIABLE INTERNACIONAL FI B;ES0112186012;17/10/2018;15,416026;EUR
SANTALUCIA RENTA VARIABLE INTERNACIONAL FI B;ES0112186012;18/10/2018;15,296705;EUR
SANTALUCIA RENTA VARIABLE INTERNACIONAL FI B;ES0112186012;19/10/2018;15,225366;EUR
SANTALUCIA RENTA VARIABLE INTERNACIONAL FI B;ES0112186012;22/10/2018;15,132183;EUR
SANTALUCIA RENTA VARIABLE INTERNACIONAL FI B;ES0112186012;23/10/2018;14,899637;EUR
SANTALUCIA RENTA VARIABLE INTERNACIONAL FI B;ES0112186012;24/10/2018;14,827859;EUR
SANTALUCIA RENTA VARIABLE INTERNACIONAL FI B;ES0112186012;25/10/2018;14,735213;EUR
SANTALUCIA RENTA VARIABLE INTERNACIONAL FI B;ES0112186012;26/10/2018;14,556175;EUR
SANTALUCIA RENTA VARIABLE INTERNACIONAL FI B;ES0112186012;30/10/2018;14,604833;EUR
SANTALUCIA RENTA VARIABLE INTERNACIONAL FI B;ES0112186012;31/10/2018;14,941809;EUR
SANTALUCIA RENTA VARIABLE INTERNACIONAL FI B;ES0112186012;01/11/2018;14,963995;EUR
SANTALUCIA RENTA VARIABLE INTERNACIONAL FI B;ES0112186012;02/11/2018;15,098069;EUR
SANTALUCIA RENTA VARIABLE INTERNACIONAL FI B;ES0112186012;05/11/2018;15,05495;EUR
SANTALUCIA RENTA VARIABLE INTERNACIONAL FI B;ES0112186012;06/11/2018;15,114648;EUR
SANTALUCIA RENTA VARIABLE INTERNACIONAL FI B;ES0112186012;07/11/2018;15,281401;EUR
SANTALUCIA RENTA VARIABLE INTERNACIONAL FI B;ES0112186012;08/11/2018;15,379206;EUR
SANTALUCIA RENTA VARIABLE INTERNACIONAL FI B;ES0112186012;09/11/2018;15,251838;EUR
SANTALUCIA RENTA VARIABLE INTERNACIONAL FI B;ES0112186012;12/11/2018;15,053623;EUR
SANTALUCIA RENTA VARIABLE INTERNACIONAL FI B;ES0112186012;13/11/2018;14,995287;EUR
SANTALUCIA RENTA VARIABLE INTERNACIONAL FI B;ES0112186012;14/11/2018;14,956031;EUR
SANTALUCIA RENTA VARIABLE INTERNACIONAL FI B;ES0112186012;15/11/2018;14,906059;EUR
SANTALUCIA RENTA VARIABLE INTERNACIONAL FI B;ES0112186012;16/11/2018;14,978506;EUR
SANTALUCIA RENTA VARIABLE INTERNACIONAL FI B;ES0112186012;19/11/2018;14,866063;EUR
SANTALUCIA RENTA VARIABLE INTERNACIONAL FI B;ES0112186012;20/11/2018;14,541948;EUR
SANTALUCIA RENTA VARIABLE INTERNACIONAL FI B;ES0112186012;21/11/2018;14,657583;EUR
SANTALUCIA RENTA VARIABLE INTERNACIONAL FI B;ES0112186012;23/11/2018;14,637835;EUR
SANTALUCIA RENTA VARIABLE INTERNACIONAL FI B;ES0112186012;26/11/2018;14,794262;EUR
SANTALUCIA RENTA VARIABLE INTERNACIONAL FI B;ES0112186012;27/11/2018;14,820044;EUR
SANTALUCIA RENTA VARIABLE INTERNACIONAL FI B;ES0112186012;28/11/2018;14,952281;EUR
SANTALUCIA RENTA VARIABLE INTERNACIONAL FI B;ES0112186012;29/11/2018;15,097956;EUR
SANTALUCIA RENTA VARIABLE INTERNACIONAL FI B;ES0112186012;03/12/2018;15,335827;EUR
SANTALUCIA RENTA VARIABLE INTERNACIONAL FI B;ES0112186012;04/12/2018;15,156659;EUR
SANTALUCIA RENTA VARIABLE INTERNACIONAL FI B;ES0112186012;06/12/2018;14,642401;EUR
SANTALUCIA RENTA VARIABLE INTERNACIONAL FI B;ES0112186012;07/12/2018;14,708072;EUR
SANTALUCIA RENTA VARIABLE INTERNACIONAL FI B;ES0112186012;10/12/2018;14,442411;EUR
SANTALUCIA RENTA VARIABLE INTERNACIONAL FI B;ES0112186012;11/12/2018;14,568635;EUR
SANTALUCIA RENTA VARIABLE INTERNACIONAL FI B;ES0112186012;12/12/2018;14,667903;EUR
SANTALUCIA RENTA VARIABLE INTERNACIONAL FI B;ES0112186012;13/12/2018;14,622073;EUR
SANTALUCIA RENTA VARIABLE INTERNACIONAL FI B;ES0112186012;14/12/2018;14,436522;EUR
SANTALUCIA RENTA VARIABLE INTERNACIONAL FI B;ES0112186012;17/12/2018;14,203974;EUR
SANTALUCIA RENTA VARIABLE INTERNACIONAL FI B;ES0112186012;18/12/2018;14,130376;EUR
SANTALUCIA RENTA VARIABLE INTERNACIONAL FI B;ES0112186012;20/12/2018;13,809665;EUR
SANTALUCIA RENTA VARIABLE INTERNACIONAL FI B;ES0112186012;21/12/2018;13,625591;EUR
SANTALUCIA RENTA VARIABLE INTERNACIONAL FI B;ES0112186012;28/12/2018;13,799523;EUR
SANTALUCIA RENTA VARIABLE INTERNACIONAL FI B;ES0112186012;04/01/2019;13,902089;EUR
SANTALUCIA RENTA VARIABLE INTERNACIONAL FI B;ES0112186012;07/01/2019;14,104399;EUR
SANTALUCIA RENTA VARIABLE INTERNACIONAL FI B;ES0112186012;08/01/2019;14,215337;EUR
SANTALUCIA RENTA VARIABLE INTERNACIONAL FI B;ES0112186012;09/01/2019;14,346793;EUR
SANTALUCIA RENTA VARIABLE INTERNACIONAL FI B;ES0112186012;10/01/2019;14,34554;EUR
SANTALUCIA RENTA VARIABLE INTERNACIONAL FI B;ES0112186012;11/01/2019;14,382546;EUR
SANTALUCIA RENTA VARIABLE INTERNACIONAL FI B;ES0112186012;14/01/2019;14,328269;EUR
SANTALUCIA RENTA VARIABLE INTERNACIONAL FI B;ES0112186012;15/01/2019;14,433006;EUR
SANTALUCIA RENTA VARIABLE INTERNACIONAL FI B;ES0112186012;16/01/2019;14,539323;EUR
SANTALUCIA RENTA VARIABLE INTERNACIONAL FI B;ES0112186012;17/01/2019;14,573292;EUR
SANTALUCIA RENTA VARIABLE INTERNACIONAL FI B;ES0112186012;18/01/2019;14,740137;EUR
SANTALUCIA RENTA VARIABLE INTERNACIONAL FI B;ES0112186012;22/01/2019;14,672363;EUR
SANTALUCIA RENTA VARIABLE INTERNACIONAL FI B;ES0112186012;23/01/2019;14,632505;EUR
SANTALUCIA RENTA VARIABLE INTERNACIONAL FI B;ES0112186012;24/01/2019;14,653608;EUR
SANTALUCIA RENTA VARIABLE INTERNACIONAL FI B;ES0112186012;25/01/2019;14,77786;EUR
SANTALUCIA RENTA VARIABLE INTERNACIONAL FI B;ES0112186012;28/01/2019;14,655137;EUR
SANTALUCIA RENTA VARIABLE INTERNACIONAL FI B;ES0112186012;29/01/2019;14,673332;EUR
SANTALUCIA RENTA VARIABLE INTERNACIONAL FI B;ES0112186012;30/01/2019;14,733055;EUR
SANTALUCIA RENTA VARIABLE INTERNACIONAL FI B;ES0112186012;31/01/2019;14,918582;EUR
SANTALUCIA RENTA VARIABLE INTERNACIONAL FI B;ES0112186012;01/02/2019;14,941871;EUR
SANTALUCIA RENTA VARIABLE INTERNACIONAL FI B;ES0112186012;04/02/2019;15,009245;EUR
SANTALUCIA RENTA VARIABLE INTERNACIONAL FI B;ES0112186012;05/02/2019;15,11864;EUR
SANTALUCIA RENTA VARIABLE INTERNACIONAL FI B;ES0112186012;06/02/2019;15,102798;EUR
SANTALUCIA RENTA VARIABLE INTERNACIONAL FI B;ES0112186012;08/02/2019;14,928985;EUR
SANTALUCIA RENTA VARIABLE INTERNACIONAL FI B;ES0112186012;11/02/2019;15,011715;EUR
SANTALUCIA RENTA VARIABLE INTERNACIONAL FI B;ES0112186012;12/02/2019;15,171292;EUR
SANTALUCIA RENTA VARIABLE INTERNACIONAL FI B;ES0112186012;13/02/2019;15,232267;EUR
SANTALUCIA RENTA VARIABLE INTERNACIONAL FI B;ES0112186012;14/02/2019;15,21802;EUR
SANTALUCIA RENTA VARIABLE INTERNACIONAL FI B;ES0112186012;15/02/2019;15,296179;EUR
SANTALUCIA RENTA VARIABLE INTERNACIONAL FI B;ES0112186012;19/02/2019;15,352058;EUR
SANTALUCIA RENTA VARIABLE INTERNACIONAL FI B;ES0112186012;20/02/2019;15,386489;EUR
SANTALUCIA RENTA VARIABLE INTERNACIONAL FI B;ES0112186012;21/02/2019;15,336883;EUR
SANTALUCIA RENTA VARIABLE INTERNACIONAL FI B;ES0112186012;22/02/2019;15,401504;EUR
SANTALUCIA RENTA VARIABLE INTERNACIONAL FI B;ES0112186012;25/02/2019;15,502035;EUR
SANTALUCIA RENTA VARIABLE INTERNACIONAL FI B;ES0112186012;26/02/2019;15,463845;EUR
SANTALUCIA RENTA VARIABLE INTERNACIONAL FI B;ES0112186012;27/02/2019;15,426119;EUR
SANTALUCIA RENTA VARIABLE INTERNACIONAL FI B;ES0112186012;28/02/2019;15,407016;EUR
SANTALUCIA RENTA VARIABLE INTERNACIONAL FI B;ES0112186012;01/03/2019;15,483003;EUR
SANTALUCIA RENTA VARIABLE INTERNACIONAL FI B;ES0112186012;04/03/2019;15,502255;EUR
SANTALUCIA RENTA VARIABLE INTERNACIONAL FI B;ES0112186012;05/03/2019;15,455824;EUR
SANTALUCIA RENTA VARIABLE INTERNACIONAL FI B;ES0112186012;06/03/2019;15,417345;EUR
SANTALUCIA RENTA VARIABLE INTERNACIONAL FI B;ES0112186012;07/03/2019;15,272578;EUR
SANTALUCIA RENTA VARIABLE INTERNACIONAL FI B;ES0112186012;08/03/2019;15,152745;EUR
SANTALUCIA RENTA VARIABLE INTERNACIONAL FI B;ES0112186012;11/03/2019;15,342417;EUR
SANTALUCIA RENTA VARIABLE INTERNACIONAL FI B;ES0112186012;12/03/2019;15,432883;EUR
SANTALUCIA RENTA VARIABLE INTERNACIONAL FI B;ES0112186012;13/03/2019;15,516497;EUR
SANTALUCIA RENTA VARIABLE INTERNACIONAL FI B;ES0112186012;14/03/2019;15,507043;EUR
SANTALUCIA RENTA VARIABLE INTERNACIONAL FI B;ES0112186012;15/03/2019;15,574387;EUR
SANTALUCIA RENTA VARIABLE INTERNACIONAL FI B;ES0112186012;19/03/2019;15,659368;EUR
SANTALUCIA RENTA VARIABLE INTERNACIONAL FI B;ES0112186012;20/03/2019;15,580253;EUR
SANTALUCIA RENTA VARIABLE INTERNACIONAL FI B;ES0112186012;22/03/2019;15,516577;EUR
SANTALUCIA RENTA VARIABLE INTERNACIONAL FI B;ES0112186012;25/03/2019;15,37924;EUR
SANTALUCIA RENTA VARIABLE INTERNACIONAL FI B;ES0112186012;26/03/2019;15,502979;EUR
SANTALUCIA RENTA VARIABLE INTERNACIONAL FI B;ES0112186012;27/03/2019;15,4437;EUR
SANTALUCIA RENTA VARIABLE INTERNACIONAL FI B;ES0112186012;28/03/2019;15,464847;EUR
SANTALUCIA RENTA VARIABLE INTERNACIONAL FI B;ES0112186012;29/03/2019;15,565108;EUR
SANTALUCIA RENTA VARIABLE INTERNACIONAL FI B;ES0112186012;01/04/2019;15,702749;EUR
SANTALUCIA RENTA VARIABLE INTERNACIONAL FI B;ES0112186012;02/04/2019;15,725175;EUR
SANTALUCIA RENTA VARIABLE INTERNACIONAL FI B;ES0112186012;03/04/2019;15,807466;EUR
SANTALUCIA RENTA VARIABLE INTERNACIONAL FI B;ES0112186012;04/04/2019;15,794689;EUR
SANTALUCIA RENTA VARIABLE INTERNACIONAL FI B;ES0112186012;05/04/2019;15,82291;EUR
SANTALUCIA RENTA VARIABLE INTERNACIONAL FI B;ES0112186012;08/04/2019;15,808836;EUR
SANTALUCIA RENTA VARIABLE INTERNACIONAL FI B;ES0112186012;09/04/2019;15,778582;EUR
SANTALUCIA RENTA VARIABLE INTERNACIONAL FI B;ES0112186012;10/04/2019;15,788969;EUR
SANTALUCIA RENTA VARIABLE INTERNACIONAL FI B;ES0112186012;11/04/2019;15,822576;EUR
SANTALUCIA RENTA VARIABLE INTERNACIONAL FI B;ES0112186012;12/04/2019;15,883961;EUR
SANTALUCIA RENTA VARIABLE INTERNACIONAL FI B;ES0112186012;15/04/2019;15,914016;EUR
SANTALUCIA RENTA VARIABLE INTERNACIONAL FI B;ES0112186012;16/04/2019;15,937875;EUR
SANTALUCIA RENTA VARIABLE INTERNACIONAL FI B;ES0112186012;17/04/2019;15,875224;EUR
SANTALUCIA RENTA VARIABLE INTERNACIONAL FI B;ES0112186012;18/04/2019;15,831076;EUR
SANTALUCIA RENTA VARIABLE INTERNACIONAL FI B;ES0112186012;19/04/2019;15,831723;EUR
SANTALUCIA RENTA VARIABLE INTERNACIONAL FI B;ES0112186012;23/04/2019;15,921542;EUR
SANTALUCIA RENTA VARIABLE INTERNACIONAL FI B;ES0112186012;24/04/2019;15,975058;EUR
SANTALUCIA RENTA VARIABLE INTERNACIONAL FI B;ES0112186012;25/04/2019;15,989684;EUR
SANTALUCIA RENTA VARIABLE INTERNACIONAL FI B;ES0112186012;26/04/2019;15,980823;EUR
SANTALUCIA RENTA VARIABLE INTERNACIONAL FI B;ES0112186012;30/04/2019;16,043665;EUR
SANTALUCIA RENTA VARIABLE INTERNACIONAL FI B;ES0112186012;02/05/2019;15,935271;EUR
SANTALUCIA RENTA VARIABLE INTERNACIONAL FI B;ES0112186012;03/05/2019;16,027677;EUR
SANTALUCIA RENTA VARIABLE INTERNACIONAL FI B;ES0112186012;06/05/2019;15,95723;EUR
SANTALUCIA RENTA VARIABLE INTERNACIONAL FI B;ES0112186012;07/05/2019;15,822902;EUR
SANTALUCIA RENTA VARIABLE INTERNACIONAL FI B;ES0112186012;08/05/2019;15,748966;EUR
SANTALUCIA RENTA VARIABLE INTERNACIONAL FI B;ES0112186012;10/05/2019;15,606983;EUR
SANTALUCIA RENTA VARIABLE INTERNACIONAL FI B;ES0112186012;13/05/2019;15,389169;EUR
SANTALUCIA RENTA VARIABLE INTERNACIONAL FI B;ES0112186012;14/05/2019;15,452367;EUR
SANTALUCIA RENTA VARIABLE INTERNACIONAL FI B;ES0112186012;15/05/2019;15,532153;EUR
SANTALUCIA RENTA VARIABLE INTERNACIONAL FI B;ES0112186012;16/05/2019;15,694523;EUR
SANTALUCIA RENTA VARIABLE INTERNACIONAL FI B;ES0112186012;17/05/2019;15,655945;EUR
SANTALUCIA RENTA VARIABLE INTERNACIONAL FI B;ES0112186012;20/05/2019;15,517778;EUR
SANTALUCIA RENTA VARIABLE INTERNACIONAL FI B;ES0112186012;21/05/2019;15,627197;EUR
SANTALUCIA RENTA VARIABLE INTERNACIONAL FI B;ES0112186012;22/05/2019;15,637567;EUR
SANTALUCIA RENTA VARIABLE INTERNACIONAL FI B;ES0112186012;23/05/2019;15,441195;EUR
SANTALUCIA RENTA VARIABLE INTERNACIONAL FI B;ES0112186012;24/05/2019;15,486248;EUR
SANTALUCIA RENTA VARIABLE INTERNACIONAL FI B;ES0112186012;28/05/2019;15,509442;EUR
SANTALUCIA RENTA VARIABLE INTERNACIONAL FI B;ES0112186012;29/05/2019;15,318447;EUR
SANTALUCIA RENTA VARIABLE INTERNACIONAL FI B;ES0112186012;30/05/2019;15,342166;EUR
SANTALUCIA RENTA VARIABLE INTERNACIONAL FI B;ES0112186012;31/05/2019;15,258113;EUR
SANTALUCIA RENTA VARIABLE INTERNACIONAL FI B;ES0112186012;04/06/2019;15,337992;EUR
SANTALUCIA RENTA VARIABLE INTERNACIONAL FI B;ES0112186012;05/06/2019;15,509627;EUR
SANTALUCIA RENTA VARIABLE INTERNACIONAL FI B;ES0112186012;06/06/2019;15,533191;EUR
SANTALUCIA RENTA VARIABLE INTERNACIONAL FI B;ES0112186012;07/06/2019;15,700222;EUR
SANTALUCIA RENTA VARIABLE INTERNACIONAL FI B;ES0112186012;11/06/2019;15,835561;EUR
SANTALUCIA RENTA VARIABLE INTERNACIONAL FI B;ES0112186012;12/06/2019;15,766184;EUR
SANTALUCIA RENTA VARIABLE INTERNACIONAL FI B;ES0112186012;13/06/2019;15,794969;EUR
SANTALUCIA RENTA VARIABLE INTERNACIONAL FI B;ES0112186012;14/06/2019;15,754428;EUR
SANTALUCIA RENTA VARIABLE INTERNACIONAL FI B;ES0112186012;17/06/2019;15,757013;EUR
SANTALUCIA RENTA VARIABLE INTERNACIONAL FI B;ES0112186012;18/06/2019;15,868837;EUR
SANTALUCIA RENTA VARIABLE INTERNACIONAL FI B;ES0112186012;19/06/2019;15,888639;EUR
SANTALUCIA RENTA VARIABLE INTERNACIONAL FI B;ES0112186012;20/06/2019;16,018811;EUR
SANTALUCIA RENTA VARIABLE INTERNACIONAL FI B;ES0112186012;21/06/2019;15,973397;EUR
SANTALUCIA RENTA VARIABLE INTERNACIONAL FI B;ES0112186012;24/06/2019;15,905874;EUR
SANTALUCIA RENTA VARIABLE INTERNACIONAL FI B;ES0112186012;25/06/2019;15,831015;EUR
SANTALUCIA RENTA VARIABLE INTERNACIONAL FI B;ES0112186012;26/06/2019;15,756207;EUR
SANTALUCIA RENTA VARIABLE INTERNACIONAL FI B;ES0112186012;27/06/2019;15,780576;EUR
SANTALUCIA RENTA VARIABLE INTERNACIONAL FI B;ES0112186012;28/06/2019;15,871594;EUR
SANTALUCIA RENTA VARIABLE INTERNACIONAL FI B;ES0112186012;01/07/2019;16,061473;EUR
SANTALUCIA RENTA VARIABLE INTERNACIONAL FI B;ES0112186012;02/07/2019;16,049714;EUR
SANTALUCIA RENTA VARIABLE INTERNACIONAL FI B;ES0112186012;03/07/2019;16,147348;EUR
SANTALUCIA RENTA VARIABLE INTERNACIONAL FI B;ES0112186012;05/07/2019;16,125641;EUR
SANTALUCIA RENTA VARIABLE INTERNACIONAL FI B;ES0112186012;08/07/2019;16,094689;EUR
SANTALUCIA RENTA VARIABLE INTERNACIONAL FI B;ES0112186012;09/07/2019;16,053104;EUR
SANTALUCIA RENTA VARIABLE INTERNACIONAL FI B;ES0112186012;10/07/2019;16,125374;EUR
SANTALUCIA RENTA VARIABLE INTERNACIONAL FI B;ES0112186012;11/07/2019;16,137489;EUR
SANTALUCIA RENTA VARIABLE INTERNACIONAL FI B;ES0112186012;12/07/2019;16,131078;EUR
SANTALUCIA RENTA VARIABLE INTERNACIONAL FI B;ES0112186012;16/07/2019;16,158421;EUR
SANTALUCIA RENTA VARIABLE INTERNACIONAL FI B;ES0112186012;17/07/2019;16,093551;EUR
SANTALUCIA RENTA VARIABLE INTERNACIONAL FI B;ES0112186012;18/07/2019;16,013861;EUR
SANTALUCIA RENTA VARIABLE INTERNACIONAL FI B;ES0112186012;19/07/2019;16,065403;EUR
SANTALUCIA RENTA VARIABLE INTERNACIONAL FI B;ES0112186012;22/07/2019;16,027312;EUR
SANTALUCIA RENTA VARIABLE INTERNACIONAL FI B;ES0112186012;23/07/2019;16,104079;EUR
SANTALUCIA RENTA VARIABLE INTERNACIONAL FI B;ES0112186012;24/07/2019;16,171063;EUR
SANTALUCIA RENTA VARIABLE INTERNACIONAL FI B;ES0112186012;25/07/2019;16,187666;EUR
SANTALUCIA RENTA VARIABLE INTERNACIONAL FI B;ES0112186012;26/07/2019;16,24324;EUR
SANTALUCIA RENTA VARIABLE INTERNACIONAL FI B;ES0112186012;29/07/2019;16,210231;EUR
SANTALUCIA RENTA VARIABLE INTERNACIONAL FI B;ES0112186012;30/07/2019;16,153708;EUR
SANTALUCIA RENTA VARIABLE INTERNACIONAL FI B;ES0112186012;31/07/2019;16,130163;EUR
SANTALUCIA RENTA VARIABLE INTERNACIONAL FI B;ES0112186012;01/08/2019;16,062648;EUR
SANTALUCIA RENTA VARIABLE INTERNACIONAL FI B;ES0112186012;02/08/2019;15,765396;EUR
SANTALUCIA RENTA VARIABLE INTERNACIONAL FI B;ES0112186012;06/08/2019;15,416224;EUR
SANTALUCIA RENTA VARIABLE INTERNACIONAL FI B;ES0112186012;07/08/2019;15,392819;EUR
SANTALUCIA RENTA VARIABLE INTERNACIONAL FI B;ES0112186012;08/08/2019;15,660111;EUR
SANTALUCIA RENTA VARIABLE INTERNACIONAL FI B;ES0112186012;09/08/2019;15,648034;EUR
SANTALUCIA RENTA VARIABLE INTERNACIONAL FI B;ES0112186012;14/08/2019;15,341117;EUR
SANTALUCIA RENTA VARIABLE INTERNACIONAL FI B;ES0112186012;16/08/2019;15,395597;EUR
SANTALUCIA RENTA VARIABLE INTERNACIONAL FI B;ES0112186012;19/08/2019;15,566611;EUR
SANTALUCIA RENTA VARIABLE INTERNACIONAL FI B;ES0112186012;20/08/2019;15,533341;EUR
SANTALUCIA RENTA VARIABLE INTERNACIONAL FI B;ES0112186012;21/08/2019;15,613474;EUR
SANTALUCIA RENTA VARIABLE INTERNACIONAL FI B;ES0112186012;22/08/2019;15,583547;EUR
SANTALUCIA RENTA VARIABLE INTERNACIONAL FI B;ES0112186012;23/08/2019;15,420108;EUR
SANTALUCIA RENTA VARIABLE INTERNACIONAL FI B;ES0112186012;27/08/2019;15,422895;EUR
SANTALUCIA RENTA VARIABLE INTERNACIONAL FI B;ES0112186012;28/08/2019;15,353257;EUR
SANTALUCIA RENTA VARIABLE INTERNACIONAL FI B;ES0112186012;29/08/2019;15,532743;EUR
SANTALUCIA RENTA VARIABLE INTERNACIONAL FI B;ES0112186012;30/08/2019;15,626375;EUR
SANTALUCIA RENTA VARIABLE INTERNACIONAL FI B;ES0112186012;02/09/2019;15,592905;EUR
SANTALUCIA RENTA VARIABLE INTERNACIONAL FI B;ES0112186012;03/09/2019;15,52314;EUR
SANTALUCIA RENTA VARIABLE INTERNACIONAL FI B;ES0112186012;04/09/2019;15,603538;EUR
SANTALUCIA RENTA VARIABLE INTERNACIONAL FI B;ES0112186012;05/09/2019;15,80035;EUR
SANTALUCIA RENTA VARIABLE INTERNACIONAL FI B;ES0112186012;06/09/2019;15,830614;EUR
SANTALUCIA RENTA VARIABLE INTERNACIONAL FI B;ES0112186012;09/09/2019;15,798046;EUR
SANTALUCIA RENTA VARIABLE INTERNACIONAL FI B;ES0112186012;10/09/2019;15,694594;EUR
SANTALUCIA RENTA VARIABLE INTERNACIONAL FI B;ES0112186012;11/09/2019;15,840911;EUR
SANTALUCIA RENTA VARIABLE INTERNACIONAL FI B;ES0112186012;12/09/2019;15,929046;EUR
SANTALUCIA RENTA VARIABLE INTERNACIONAL FI B;ES0112186012;13/09/2019;15,957131;EUR
SANTALUCIA RENTA VARIABLE INTERNACIONAL FI B;ES0112186012;17/09/2019;15,90625;EUR
SANTALUCIA RENTA VARIABLE INTERNACIONAL FI B;ES0112186012;18/09/2019;15,898206;EUR
SANTALUCIA RENTA VARIABLE INTERNACIONAL FI B;ES0112186012;19/09/2019;15,947036;EUR
SANTALUCIA RENTA VARIABLE INTERNACIONAL FI B;ES0112186012;20/09/2019;15,962417;EUR
SANTALUCIA RENTA VARIABLE INTERNACIONAL FI B;ES0112186012;24/09/2019;15,892879;EUR
SANTALUCIA RENTA VARIABLE INTERNACIONAL FI B;ES0112186012;25/09/2019;15,775121;EUR
SANTALUCIA RENTA VARIABLE INTERNACIONAL FI B;ES0112186012;26/09/2019;15,828318;EUR
SANTALUCIA RENTA VARIABLE INTERNACIONAL FI B;ES0112186012;27/09/2019;15,809996;EUR
SANTALUCIA RENTA VARIABLE INTERNACIONAL FI B;ES0112186012;30/09/2019;15,78916;EUR
SANTALUCIA RENTA VARIABLE INTERNACIONAL FI B;ES0112186012;01/10/2019;15,747876;EUR
SANTALUCIA RENTA VARIABLE INTERNACIONAL FI B;ES0112186012;02/10/2019;15,427555;EUR
SANTALUCIA RENTA VARIABLE INTERNACIONAL FI B;ES0112186012;04/10/2019;15,585205;EUR
SANTALUCIA RENTA VARIABLE INTERNACIONAL FI B;ES0112186012;07/10/2019;15,606928;EUR
SANTALUCIA RENTA VARIABLE INTERNACIONAL FI B;ES0112186012;08/10/2019;15,44522;EUR
SANTALUCIA RENTA VARIABLE INTERNACIONAL FI B;ES0112186012;09/10/2019;15,481653;EUR
SANTALUCIA RENTA VARIABLE INTERNACIONAL FI B;ES0112186012;10/10/2019;15,53587;EUR
SANTALUCIA RENTA VARIABLE INTERNACIONAL FI B;ES0112186012;11/10/2019;15,757442;EUR
SANTALUCIA RENTA VARIABLE INTERNACIONAL FI B;ES0112186012;15/10/2019;15,841767;EUR
SANTALUCIA RENTA VARIABLE INTERNACIONAL FI B;ES0112186012;16/10/2019;15,822069;EUR
SANTALUCIA RENTA VARIABLE INTERNACIONAL FI B;ES0112186012;17/10/2019;15,875578;EUR
SANTALUCIA RENTA VARIABLE INTERNACIONAL FI B;ES0112186012;18/10/2019;15,846404;EUR
SANTALUCIA RENTA VARIABLE INTERNACIONAL FI B;ES0112186012;21/10/2019;15,882381;EUR
SANTALUCIA RENTA VARIABLE INTERNACIONAL FI B;ES0112186012;22/10/2019;15,906388;EUR
SANTALUCIA RENTA VARIABLE INTERNACIONAL FI B;ES0112186012;23/10/2019;15,87784;EUR
SANTALUCIA RENTA VARIABLE INTERNACIONAL FI B;ES0112186012;24/10/2019;15,914336;EUR
SANTALUCIA RENTA VARIABLE INTERNACIONAL FI B;ES0112186012;25/10/2019;15,931214;EUR
SANTALUCIA RENTA VARIABLE INTERNACIONAL FI B;ES0112186012;29/10/2019;16,073008;EUR
SANTALUCIA RENTA VARIABLE INTERNACIONAL FI B;ES0112186012;30/10/2019;16,066412;EUR
SANTALUCIA RENTA VARIABLE INTERNACIONAL FI B;ES0112186012;31/10/2019;16,009651;EUR
SANTALUCIA RENTA VARIABLE INTERNACIONAL FI B;ES0112186012;04/11/2019;16,199929;EUR
SANTALUCIA RENTA VARIABLE INTERNACIONAL FI B;ES0112186012;05/11/2019;16,181284;EUR
SANTALUCIA RENTA VARIABLE INTERNACIONAL FI B;ES0112186012;06/11/2019;16,157505;EUR
SANTALUCIA RENTA VARIABLE INTERNACIONAL FI B;ES0112186012;07/11/2019;16,230588;EUR
SANTALUCIA RENTA VARIABLE INTERNACIONAL FI B;ES0112186012;08/11/2019;16,204556;EUR
SANTALUCIA RENTA VARIABLE INTERNACIONAL FI B;ES0112186012;11/11/2019;16,200792;EUR
SANTALUCIA RENTA VARIABLE INTERNACIONAL FI B;ES0112186012;12/11/2019;16,270096;EUR
SANTALUCIA RENTA VARIABLE INTERNACIONAL FI B;ES0112186012;13/11/2019;16,220768;EUR
SANTALUCIA RENTA VARIABLE INTERNACIONAL FI B;ES0112186012;14/11/2019;16,24263;EUR
SANTALUCIA RENTA VARIABLE INTERNACIONAL FI B;ES0112186012;15/11/2019;16,332043;EUR
SANTALUCIA RENTA VARIABLE INTERNACIONAL FI B;ES0112186012;18/11/2019;16,373221;EUR
SANTALUCIA RENTA VARIABLE INTERNACIONAL FI B;ES0112186012;19/11/2019;16,391334;EUR
SANTALUCIA RENTA VARIABLE INTERNACIONAL FI B;ES0112186012;20/11/2019;16,393569;EUR
SANTALUCIA RENTA VARIABLE INTERNACIONAL FI B;ES0112186012;21/11/2019;16,354207;EUR
SANTALUCIA RENTA VARIABLE INTERNACIONAL FI B;ES0112186012;22/11/2019;16,388162;EUR
SANTALUCIA RENTA VARIABLE INTERNACIONAL FI B;ES0112186012;25/11/2019;16,519998;EUR
SANTALUCIA RENTA VARIABLE INTERNACIONAL FI B;ES0112186012;26/11/2019;16,574297;EUR
SANTALUCIA RENTA VARIABLE INTERNACIONAL FI B;ES0112186012;27/11/2019;16,64489;EUR
SANTALUCIA RENTA VARIABLE INTERNACIONAL FI B;ES0112186012;29/11/2019;16,640445;EUR
SANTALUCIA RENTA VARIABLE INTERNACIONAL FI B;ES0112186012;02/12/2019;16,474636;EUR
SANTALUCIA RENTA VARIABLE INTERNACIONAL FI B;ES0112186012;03/12/2019;16,337962;EUR
SANTALUCIA RENTA VARIABLE INTERNACIONAL FI B;ES0112186012;04/12/2019;16,466574;EUR
SANTALUCIA RENTA VARIABLE INTERNACIONAL FI B;ES0112186012;05/12/2019;16,466688;EUR
SANTALUCIA RENTA VARIABLE INTERNACIONAL FI B;ES0112186012;09/12/2019;16,57871;EUR
SANTALUCIA RENTA VARIABLE INTERNACIONAL FI B;ES0112186012;10/12/2019;16,532347;EUR
SANTALUCIA RENTA VARIABLE INTERNACIONAL FI B;ES0112186012;11/12/2019;16,522458;EUR
SANTALUCIA RENTA VARIABLE INTERNACIONAL FI B;ES0112186012;12/12/2019;16,607985;EUR
SANTALUCIA RENTA VARIABLE INTERNACIONAL FI B;ES0112186012;13/12/2019;16,69855;EUR
SANTALUCIA RENTA VARIABLE INTERNACIONAL FI B;ES0112186012;16/12/2019;16,821495;EUR
SANTALUCIA RENTA VARIABLE INTERNACIONAL FI B;ES0112186012;17/12/2019;16,827665;EUR
SANTALUCIA RENTA VARIABLE INTERNACIONAL FI B;ES0112186012;18/12/2019;16,839009;EUR
SANTALUCIA RENTA VARIABLE INTERNACIONAL FI B;ES0112186012;19/12/2019;16,864405;EUR
SANTALUCIA RENTA VARIABLE INTERNACIONAL FI B;ES0112186012;20/12/2019;16,928522;EUR
SANTALUCIA RENTA VARIABLE INTERNACIONAL FI B;ES0112186012;23/12/2019;16,958195;EUR
SANTALUCIA RENTA VARIABLE INTERNACIONAL FI B;ES0112186012;30/12/2019;16,934645;EUR
SANTALUCIA RENTA VARIABLE INTERNACIONAL FI B;ES0112186012;02/01/2020;17,04081;EUR
SANTALUCIA RENTA VARIABLE INTERNACIONAL FI B;ES0112186012;03/01/2020;16,962416;EUR
SANTALUCIA RENTA VARIABLE INTERNACIONAL FI B;ES0112186012;07/01/2020;16,969932;EUR
SANTALUCIA RENTA VARIABLE INTERNACIONAL FI B;ES0112186012;08/01/2020;16,99454;EUR
SANTALUCIA RENTA VARIABLE INTERNACIONAL FI B;ES0112186012;09/01/2020;17,120924;EUR
SANTALUCIA RENTA VARIABLE INTERNACIONAL FI B;ES0112186012;10/01/2020;17,132622;EUR
SANTALUCIA RENTA VARIABLE INTERNACIONAL FI B;ES0112186012;13/01/2020;17,144596;EUR
SANTALUCIA RENTA VARIABLE INTERNACIONAL FI B;ES0112186012;14/01/2020;17,184375;EUR
SANTALUCIA RENTA VARIABLE INTERNACIONAL FI B;ES0112186012;15/01/2020;17,201046;EUR
SANTALUCIA RENTA VARIABLE INTERNACIONAL FI B;ES0112186012;16/01/2020;17,259524;EUR
SANTALUCIA RENTA VARIABLE INTERNACIONAL FI B;ES0112186012;17/01/2020;17,366836;EUR
SANTALUCIA RENTA VARIABLE INTERNACIONAL FI B;ES0112186012;21/01/2020;17,317876;EUR
SANTALUCIA RENTA VARIABLE INTERNACIONAL FI B;ES0112186012;22/01/2020;17,362658;EUR
SANTALUCIA RENTA VARIABLE INTERNACIONAL FI B;ES0112186012;23/01/2020;17,295655;EUR
SANTALUCIA RENTA VARIABLE INTERNACIONAL FI B;ES0112186012;24/01/2020;17,307266;EUR
SANTALUCIA RENTA VARIABLE INTERNACIONAL FI B;ES0112186012;27/01/2020;16,980893;EUR
SANTALUCIA RENTA VARIABLE INTERNACIONAL FI B;ES0112186012;28/01/2020;17,065768;EUR
SANTALUCIA RENTA VARIABLE INTERNACIONAL FI B;ES0112186012;29/01/2020;17,115768;EUR
SANTALUCIA RENTA VARIABLE INTERNACIONAL FI B;ES0112186012;30/01/2020;16,991056;EUR
SANTALUCIA RENTA VARIABLE INTERNACIONAL FI B;ES0112186012;31/01/2020;16,91744;EUR
SANTALUCIA RENTA VARIABLE INTERNACIONAL FI B;ES0112186012;03/02/2020;16,893216;EUR
SANTALUCIA RENTA VARIABLE INTERNACIONAL FI B;ES0112186012;04/02/2020;17,140081;EUR
SANTALUCIA RENTA VARIABLE INTERNACIONAL FI B;ES0112186012;05/02/2020;17,299133;EUR
SANTALUCIA RENTA VARIABLE INTERNACIONAL FI B;ES0112186012;06/02/2020;17,386536;EUR
SANTALUCIA RENTA VARIABLE INTERNACIONAL FI B;ES0112186012;07/02/2020;17,319441;EUR
SANTALUCIA RENTA VARIABLE INTERNACIONAL FI B;ES0112186012;10/02/2020;17,326611;EUR
SANTALUCIA RENTA VARIABLE INTERNACIONAL FI B;ES0112186012;11/02/2020;17,468287;EUR
SANTALUCIA RENTA VARIABLE INTERNACIONAL FI B;ES0112186012;12/02/2020;17,553999;EUR
SANTALUCIA RENTA VARIABLE INTERNACIONAL FI B;ES0112186012;13/02/2020;17,54719;EUR
SANTALUCIA RENTA VARIABLE INTERNACIONAL FI B;ES0112186012;14/02/2020;17,556843;EUR
SANTALUCIA RENTA VARIABLE INTERNACIONAL FI B;ES0112186012;18/02/2020;17,462831;EUR
SANTALUCIA RENTA VARIABLE INTERNACIONAL FI B;ES0112186012;20/02/2020;17,508443;EUR
SANTALUCIA RENTA VARIABLE INTERNACIONAL FI B;ES0112186012;21/02/2020;17,406862;EUR
SANTALUCIA RENTA VARIABLE INTERNACIONAL FI B;ES0112186012;24/02/2020;16,891687;EUR
SANTALUCIA RENTA VARIABLE INTERNACIONAL FI B;ES0112186012;25/02/2020;16,632669;EUR
SANTALUCIA RENTA VARIABLE INTERNACIONAL FI B;ES0112186012;26/02/2020;16,40224;EUR
SANTALUCIA RENTA VARIABLE INTERNACIONAL FI B;ES0112186012;27/02/2020;15,902249;EUR
SANTALUCIA RENTA VARIABLE INTERNACIONAL FI B;ES0112186012;28/02/2020;15,367342;EUR
SANTALUCIA RENTA VARIABLE INTERNACIONAL FI B;ES0112186012;02/03/2020;15,614823;EUR
SANTALUCIA RENTA VARIABLE INTERNACIONAL FI B;ES0112186012;03/03/2020;15,742071;EUR
SANTALUCIA RENTA VARIABLE INTERNACIONAL FI B;ES0112186012;04/03/2020;15,845587;EUR
SANTALUCIA RENTA VARIABLE INTERNACIONAL FI B;ES0112186012;05/03/2020;15,66838;EUR
SANTALUCIA RENTA VARIABLE INTERNACIONAL FI B;ES0112186012;06/03/2020;15,161448;EUR
SANTALUCIA RENTA VARIABLE INTERNACIONAL FI B;ES0112186012;09/03/2020;14,225669;EUR
SANTALUCIA RENTA VARIABLE INTERNACIONAL FI B;ES0112186012;10/03/2020;14,369977;EUR
SANTALUCIA RENTA VARIABLE INTERNACIONAL FI B;ES0112186012;11/03/2020;14,153043;EUR
SANTALUCIA RENTA VARIABLE INTERNACIONAL FI B;ES0112186012;12/03/2020;12,873261;EUR
SANTALUCIA RENTA VARIABLE INTERNACIONAL FI B;ES0112186012;13/03/2020;13,126494;EUR
SANTALUCIA RENTA VARIABLE INTERNACIONAL FI B;ES0112186012;16/03/2020;12,397809;EUR
SANTALUCIA RENTA VARIABLE INTERNACIONAL FI B;ES0112186012;18/03/2020;11,923402;EUR
SANTALUCIA RENTA VARIABLE INTERNACIONAL FI B;ES0112186012;19/03/2020;11,938615;EUR
SANTALUCIA RENTA VARIABLE INTERNACIONAL FI B;ES0112186012;20/03/2020;12,04171;EUR
SANTALUCIA RENTA VARIABLE INTERNACIONAL FI B;ES0112186012;23/03/2020;11,387206;EUR
SANTALUCIA RENTA VARIABLE INTERNACIONAL FI B;ES0112186012;24/03/2020;12,273269;EUR
SANTALUCIA RENTA VARIABLE INTERNACIONAL FI B;ES0112186012;25/03/2020;12,671074;EUR
SANTALUCIA RENTA VARIABLE INTERNACIONAL FI B;ES0112186012;26/03/2020;13,121851;EUR
SANTALUCIA RENTA VARIABLE INTERNACIONAL FI B;ES0112186012;27/03/2020;12,928554;EUR
SANTALUCIA RENTA VARIABLE INTERNACIONAL FI B;ES0112186012;30/03/2020;13,079654;EUR
SANTALUCIA RENTA VARIABLE INTERNACIONAL FI B;ES0112186012;31/03/2020;13,230916;EUR
SANTALUCIA RENTA VARIABLE INTERNACIONAL FI B;ES0112186012;01/04/2020;12,679018;EUR
SANTALUCIA RENTA VARIABLE INTERNACIONAL FI B;ES0112186012;02/04/2020;12,671812;EUR
SANTALUCIA RENTA VARIABLE INTERNACIONAL FI B;ES0112186012;03/04/2020;12,580827;EUR
SANTALUCIA RENTA VARIABLE INTERNACIONAL FI B;ES0112186012;06/04/2020;13,124347;EUR
SANTALUCIA RENTA VARIABLE INTERNACIONAL FI B;ES0112186012;07/04/2020;13,590639;EUR
SANTALUCIA RENTA VARIABLE INTERNACIONAL FI B;ES0112186012;08/04/2020;13,617546;EUR
SANTALUCIA RENTA VARIABLE INTERNACIONAL FI B;ES0112186012;09/04/2020;13,959437;EUR
SANTALUCIA RENTA VARIABLE INTERNACIONAL FI B;ES0112186012;14/04/2020;14,099449;EUR
SANTALUCIA RENTA VARIABLE INTERNACIONAL FI B;ES0112186012;15/04/2020;13,848715;EUR
SANTALUCIA RENTA VARIABLE INTERNACIONAL FI B;ES0112186012;16/04/2020;13,926785;EUR
SANTALUCIA RENTA VARIABLE INTERNACIONAL FI B;ES0112186012;17/04/2020;14,211044;EUR
SANTALUCIA RENTA VARIABLE INTERNACIONAL FI B;ES0112186012;20/04/2020;14,246793;EUR
SANTALUCIA RENTA VARIABLE INTERNACIONAL FI B;ES0112186012;21/04/2020;13,807608;EUR
SANTALUCIA RENTA VARIABLE INTERNACIONAL FI B;ES0112186012;22/04/2020;13,993313;EUR
SANTALUCIA RENTA VARIABLE INTERNACIONAL FI B;ES0112186012;23/04/2020;14,1663;EUR
SANTALUCIA RENTA VARIABLE INTERNACIONAL FI B;ES0112186012;24/04/2020;14,092166;EUR
SANTALUCIA RENTA VARIABLE INTERNACIONAL FI B;ES0112186012;27/04/2020;14,387602;EUR
SANTALUCIA RENTA VARIABLE INTERNACIONAL FI B;ES0112186012;28/04/2020;14,472959;EUR
SANTALUCIA RENTA VARIABLE INTERNACIONAL FI B;ES0112186012;29/04/2020;14,735189;EUR
SANTALUCIA RENTA VARIABLE INTERNACIONAL FI B;ES0112186012;30/04/2020;14,65449;EUR
SANTALUCIA RENTA VARIABLE INTERNACIONAL FI B;ES0112186012;05/05/2020;14,463055;EUR
SANTALUCIA RENTA VARIABLE INTERNACIONAL FI B;ES0112186012;06/05/2020;14,44229;EUR
SANTALUCIA RENTA VARIABLE INTERNACIONAL FI B;ES0112186012;07/05/2020;14,584999;EUR
SANTALUCIA RENTA VARIABLE INTERNACIONAL FI B;ES0112186012;11/05/2020;14,78656;EUR
SANTALUCIA RENTA VARIABLE INTERNACIONAL FI B;ES0112186012;12/05/2020;14,759334;EUR
SANTALUCIA RENTA VARIABLE INTERNACIONAL FI B;ES0112186012;13/05/2020;14,471893;EUR
SANTALUCIA RENTA VARIABLE INTERNACIONAL FI B;ES0112186012;14/05/2020;14,273967;EUR
SANTALUCIA RENTA VARIABLE INTERNACIONAL FI B;ES0112186012;15/05/2020;14,417526;EUR
SANTALUCIA RENTA VARIABLE INTERNACIONAL FI B;ES0112186012;18/05/2020;14,854435;EUR
SANTALUCIA RENTA VARIABLE INTERNACIONAL FI B;ES0112186012;19/05/2020;14,865596;EUR
SANTALUCIA RENTA VARIABLE INTERNACIONAL FI B;ES0112186012;20/05/2020;14,999693;EUR
SANTALUCIA RENTA VARIABLE INTERNACIONAL FI B;ES0112186012;22/05/2020;14,903592;EUR
SANTALUCIA RENTA VARIABLE INTERNACIONAL FI B;ES0112186012;26/05/2020;15,219175;EUR
SANTALUCIA RENTA VARIABLE INTERNACIONAL FI B;ES0112186012;27/05/2020;15,196394;EUR
SANTALUCIA RENTA VARIABLE INTERNACIONAL FI B;ES0112186012;28/05/2020;15,410116;EUR
SANTALUCIA RENTA VARIABLE INTERNACIONAL FI B;ES0112186012;29/05/2020;15,304584;EUR
SANTALUCIA RENTA VARIABLE INTERNACIONAL FI B;ES0112186012;02/06/2020;15,578806;EUR
SANTALUCIA RENTA VARIABLE INTERNACIONAL FI B;ES0112186012;03/06/2020;15,813202;EUR
SANTALUCIA RENTA VARIABLE INTERNACIONAL FI B;ES0112186012;04/06/2020;15,773771;EUR
SANTALUCIA RENTA VARIABLE INTERNACIONAL FI B;ES0112186012;05/06/2020;16,028948;EUR
SANTALUCIA RENTA VARIABLE INTERNACIONAL FI B;ES0112186012;08/06/2020;16,067986;EUR
SANTALUCIA RENTA VARIABLE INTERNACIONAL FI B;ES0112186012;09/06/2020;15,995589;EUR
SANTALUCIA RENTA VARIABLE INTERNACIONAL FI B;ES0112186012;10/06/2020;15,960612;EUR
SANTALUCIA RENTA VARIABLE INTERNACIONAL FI B;ES0112186012;11/06/2020;15,453786;EUR
SANTALUCIA RENTA VARIABLE INTERNACIONAL FI B;ES0112186012;12/06/2020;15,36901;EUR
SANTALUCIA RENTA VARIABLE INTERNACIONAL FI B;ES0112186012;15/06/2020;15,281766;EUR
SANTALUCIA RENTA VARIABLE INTERNACIONAL FI B;ES0112186012;16/06/2020;15,735063;EUR
SANTALUCIA RENTA VARIABLE INTERNACIONAL FI B;ES0112186012;17/06/2020;15,792391;EUR
SANTALUCIA RENTA VARIABLE INTERNACIONAL FI B;ES0112186012;18/06/2020;15,766584;EUR
SANTALUCIA RENTA VARIABLE INTERNACIONAL FI B;ES0112186012;19/06/2020;15,855104;EUR
SANTALUCIA RENTA VARIABLE INTERNACIONAL FI B;ES0112186012;22/06/2020;15,791288;EUR
SANTALUCIA RENTA VARIABLE INTERNACIONAL FI B;ES0112186012;24/06/2020;15,608495;EUR
SANTALUCIA RENTA VARIABLE INTERNACIONAL FI B;ES0112186012;25/06/2020;15,590795;EUR
SANTALUCIA RENTA VARIABLE INTERNACIONAL FI B;ES0112186012;26/06/2020;15,551482;EUR
SANTALUCIA RENTA VARIABLE INTERNACIONAL FI B;ES0112186012;29/06/2020;15,525019;EUR
SANTALUCIA RENTA VARIABLE INTERNACIONAL FI B;ES0112186012;30/06/2020;15,672776;EUR
SANTALUCIA RENTA VARIABLE INTERNACIONAL FI B;ES0112186012;01/07/2020;15,769452;EUR
SANTALUCIA RENTA VARIABLE INTERNACIONAL FI B;ES0112186012;02/07/2020;15,97645;EUR
SANTALUCIA RENTA VARIABLE INTERNACIONAL FI B;ES0112186012;06/07/2020;16,160839;EUR
SANTALUCIA RENTA VARIABLE INTERNACIONAL FI B;ES0112186012;07/07/2020;16,113736;EUR
SANTALUCIA RENTA VARIABLE INTERNACIONAL FI B;ES0112186012;08/07/2020;16,061996;EUR
SANTALUCIA RENTA VARIABLE INTERNACIONAL FI B;ES0112186012;09/07/2020;16,062861;EUR
SANTALUCIA RENTA VARIABLE INTERNACIONAL FI B;ES0112186012;10/07/2020;16,11885;EUR
SANTALUCIA RENTA VARIABLE INTERNACIONAL FI B;ES0112186012;13/07/2020;16,242262;EUR
SANTALUCIA RENTA VARIABLE INTERNACIONAL FI B;ES0112186012;14/07/2020;16,0246;EUR
SANTALUCIA RENTA VARIABLE INTERNACIONAL FI B;ES0112186012;15/07/2020;16,282777;EUR
SANTALUCIA RENTA VARIABLE INTERNACIONAL FI B;ES0112186012;16/07/2020;16,203249;EUR
SANTALUCIA RENTA VARIABLE INTERNACIONAL FI B;ES0112186012;17/07/2020;16,261477;EUR
SANTALUCIA RENTA VARIABLE INTERNACIONAL FI B;ES0112186012;20/07/2020;16,380384;EUR
SANTALUCIA RENTA VARIABLE INTERNACIONAL FI B;ES0112186012;21/07/2020;16,543467;EUR
SANTALUCIA RENTA VARIABLE INTERNACIONAL FI B;ES0112186012;22/07/2020;16,478438;EUR
SANTALUCIA RENTA VARIABLE INTERNACIONAL FI B;ES0112186012;23/07/2020;16,48981;EUR
SANTALUCIA RENTA VARIABLE INTERNACIONAL FI B;ES0112186012;24/07/2020;16,22443;EUR
SANTALUCIA RENTA VARIABLE INTERNACIONAL FI B;ES0112186012;27/07/2020;16,284257;EUR
SANTALUCIA RENTA VARIABLE INTERNACIONAL FI B;ES0112186012;28/07/2020;16,302435;EUR
SANTALUCIA RENTA VARIABLE INTERNACIONAL FI B;ES0112186012;29/07/2020;16,347815;EUR
SANTALUCIA RENTA VARIABLE INTERNACIONAL FI B;ES0112186012;30/07/2020;16,240694;EUR
SANTALUCIA RENTA VARIABLE INTERNACIONAL FI B;ES0112186012;31/07/2020;16,27594;EUR
SANTALUCIA RENTA VARIABLE INTERNACIONAL FI B;ES0112186012;04/08/2020;16,492824;EUR
SANTALUCIA RENTA VARIABLE INTERNACIONAL FI B;ES0112186012;05/08/2020;16,604198;EUR
SANTALUCIA RENTA VARIABLE INTERNACIONAL FI B;ES0112186012;06/08/2020;16,595094;EUR
SANTALUCIA RENTA VARIABLE INTERNACIONAL FI B;ES0112186012;07/08/2020;16,624049;EUR
SANTALUCIA RENTA VARIABLE INTERNACIONAL FI B;ES0112186012;10/08/2020;16,603996;EUR
SANTALUCIA RENTA VARIABLE INTERNACIONAL FI B;ES0112186012;11/08/2020;16,674769;EUR
SANTALUCIA RENTA VARIABLE INTERNACIONAL FI B;ES0112186012;12/08/2020;16,755324;EUR
SANTALUCIA RENTA VARIABLE INTERNACIONAL FI B;ES0112186012;13/08/2020;16,793021;EUR
SANTALUCIA RENTA VARIABLE INTERNACIONAL FI B;ES0112186012;14/08/2020;16,731292;EUR
SANTALUCIA RENTA VARIABLE INTERNACIONAL FI B;ES0112186012;17/08/2020;16,776428;EUR
SANTALUCIA RENTA VARIABLE INTERNACIONAL FI B;ES0112186012;18/08/2020;16,813282;EUR
SANTALUCIA RENTA VARIABLE INTERNACIONAL FI B;ES0112186012;19/08/2020;16,818912;EUR
SANTALUCIA RENTA VARIABLE INTERNACIONAL FI B;ES0112186012;20/08/2020;16,762867;EUR
SANTALUCIA RENTA VARIABLE INTERNACIONAL FI B;ES0112186012;21/08/2020;16,802573;EUR
SANTALUCIA RENTA VARIABLE INTERNACIONAL FI B;ES0112186012;24/08/2020;16,940653;EUR
SANTALUCIA RENTA VARIABLE INTERNACIONAL FI B;ES0112186012;25/08/2020;16,978681;EUR
SANTALUCIA RENTA VARIABLE INTERNACIONAL FI B;ES0112186012;26/08/2020;17,122139;EUR
SANTALUCIA RENTA VARIABLE INTERNACIONAL FI B;ES0112186012;27/08/2020;17,206338;EUR
SANTALUCIA RENTA VARIABLE INTERNACIONAL FI B;ES0112186012;28/08/2020;17,207332;EUR
SANTALUCIA RENTA VARIABLE INTERNACIONAL FI B;ES0112186012;01/09/2020;17,270239;EUR
SANTALUCIA RENTA VARIABLE INTERNACIONAL FI B;ES0112186012;02/09/2020;17,447957;EUR
SANTALUCIA RENTA VARIABLE INTERNACIONAL FI B;ES0112186012;03/09/2020;17,199275;EUR
SANTALUCIA RENTA VARIABLE INTERNACIONAL FI B;ES0112186012;04/09/2020;16,826947;EUR
SANTALUCIA RENTA VARIABLE INTERNACIONAL FI B;ES0112186012;08/09/2020;16,640023;EUR
SANTALUCIA RENTA VARIABLE INTERNACIONAL FI B;ES0112186012;09/09/2020;16,781107;EUR
SANTALUCIA RENTA VARIABLE INTERNACIONAL FI B;ES0112186012;10/09/2020;16,793254;EUR
SANTALUCIA RENTA VARIABLE INTERNACIONAL FI B;ES0112186012;11/09/2020;16,663402;EUR
SANTALUCIA RENTA VARIABLE INTERNACIONAL FI B;ES0112186012;14/09/2020;16,830746;EUR
SANTALUCIA RENTA VARIABLE INTERNACIONAL FI B;ES0112186012;15/09/2020;16,949482;EUR
SANTALUCIA RENTA VARIABLE INTERNACIONAL FI B;ES0112186012;16/09/2020;16,978219;EUR
SANTALUCIA RENTA VARIABLE INTERNACIONAL FI B;ES0112186012;17/09/2020;16,790303;EUR
SANTALUCIA RENTA VARIABLE INTERNACIONAL FI B;ES0112186012;18/09/2020;16,738625;EUR
SANTALUCIA RENTA VARIABLE INTERNACIONAL FI B;ES0112186012;21/09/2020;16,368314;EUR
SANTALUCIA RENTA VARIABLE INTERNACIONAL FI B;ES0112186012;22/09/2020;16,496361;EUR
SANTALUCIA RENTA VARIABLE INTERNACIONAL FI B;ES0112186012;23/09/2020;16,543265;EUR
SANTALUCIA RENTA VARIABLE INTERNACIONAL FI B;ES0112186012;24/09/2020;16,3459;EUR
SANTALUCIA RENTA VARIABLE INTERNACIONAL FI B;ES0112186012;25/09/2020;16,440678;EUR
SANTALUCIA RENTA VARIABLE INTERNACIONAL FI B;ES0112186012;28/09/2020;16,782817;EUR
SANTALUCIA RENTA VARIABLE INTERNACIONAL FI B;ES0112186012;29/09/2020;16,773249;EUR
SANTALUCIA RENTA VARIABLE INTERNACIONAL FI B;ES0112186012;30/09/2020;16,848409;EUR
SANTALUCIA RENTA VARIABLE INTERNACIONAL FI B;ES0112186012;01/10/2020;16,932003;EUR
SANTALUCIA RENTA VARIABLE INTERNACIONAL FI B;ES0112186012;02/10/2020;16,84826;EUR
SANTALUCIA RENTA VARIABLE INTERNACIONAL FI B;ES0112186012;05/10/2020;17,014702;EUR
SANTALUCIA RENTA VARIABLE INTERNACIONAL FI B;ES0112186012;06/10/2020;17,047111;EUR
SANTALUCIA RENTA VARIABLE INTERNACIONAL FI B;ES0112186012;07/10/2020;17,101544;EUR
SANTALUCIA RENTA VARIABLE INTERNACIONAL FI B;ES0112186012;08/10/2020;17,223982;EUR
SANTALUCIA RENTA VARIABLE INTERNACIONAL FI B;ES0112186012;09/10/2020;17,352396;EUR
SANTALUCIA RENTA VARIABLE INTERNACIONAL FI B;ES0112186012;13/10/2020;17,544638;EUR
SANTALUCIA RENTA VARIABLE INTERNACIONAL FI B;ES0112186012;14/10/2020;17,520893;EUR
SANTALUCIA RENTA VARIABLE INTERNACIONAL FI B;ES0112186012;15/10/2020;17,313328;EUR
SANTALUCIA RENTA VARIABLE INTERNACIONAL FI B;ES0112186012;16/10/2020;17,425079;EUR
SANTALUCIA RENTA VARIABLE INTERNACIONAL FI B;ES0112186012;19/10/2020;17,333567;EUR
SANTALUCIA RENTA VARIABLE INTERNACIONAL FI B;ES0112186012;20/10/2020;17,257104;EUR
SANTALUCIA RENTA VARIABLE INTERNACIONAL FI B;ES0112186012;21/10/2020;17,213437;EUR
SANTALUCIA RENTA VARIABLE INTERNACIONAL FI B;ES0112186012;22/10/2020;17,182302;EUR
SANTALUCIA RENTA VARIABLE INTERNACIONAL FI B;ES0112186012;23/10/2020;17,235413;EUR
SANTALUCIA RENTA VARIABLE INTERNACIONAL FI B;ES0112186012;27/10/2020;16,999164;EUR
SANTALUCIA RENTA VARIABLE INTERNACIONAL FI B;ES0112186012;28/10/2020;16,595504;EUR
SANTALUCIA RENTA VARIABLE INTERNACIONAL FI B;ES0112186012;29/10/2020;16,599018;EUR
SANTALUCIA RENTA VARIABLE INTERNACIONAL FI B;ES0112186012;30/10/2020;16,446178;EUR
SANTALUCIA RENTA VARIABLE INTERNACIONAL FI B;ES0112186012;02/11/2020;16,617409;EUR
SANTALUCIA RENTA VARIABLE INTERNACIONAL FI B;ES0112186012;03/11/2020;16,865735;EUR
SANTALUCIA RENTA VARIABLE INTERNACIONAL FI B;ES0112186012;04/11/2020;17,226775;EUR
SANTALUCIA RENTA VARIABLE INTERNACIONAL FI B;ES0112186012;05/11/2020;17,532009;EUR
SANTALUCIA RENTA VARIABLE INTERNACIONAL FI B;ES0112186012;06/11/2020;17,512534;EUR
SANTALUCIA RENTA VARIABLE INTERNACIONAL FI B;ES0112186012;09/11/2020;17,862319;EUR
SANTALUCIA RENTA VARIABLE INTERNACIONAL FI B;ES0112186012;10/11/2020;17,654629;EUR
SANTALUCIA RENTA VARIABLE INTERNACIONAL FI B;ES0112186012;11/11/2020;17,773986;EUR
SANTALUCIA RENTA VARIABLE INTERNACIONAL FI B;ES0112186012;12/11/2020;17,760776;EUR
SANTALUCIA RENTA VARIABLE INTERNACIONAL FI B;ES0112186012;13/11/2020;17,778315;EUR
SANTALUCIA RENTA VARIABLE INTERNACIONAL FI B;ES0112186012;16/11/2020;17,964237;EUR
SANTALUCIA RENTA VARIABLE INTERNACIONAL FI B;ES0112186012;17/11/2020;17,939371;EUR
SANTALUCIA RENTA VARIABLE INTERNACIONAL FI B;ES0112186012;18/11/2020;17,933822;EUR
SANTALUCIA RENTA VARIABLE INTERNACIONAL FI B;ES0112186012;19/11/2020;17,850502;EUR
SANTALUCIA RENTA VARIABLE INTERNACIONAL FI B;ES0112186012;20/11/2020;17,903668;EUR
SANTALUCIA RENTA VARIABLE INTERNACIONAL FI B;ES0112186012;23/11/2020;17,944901;EUR
SANTALUCIA RENTA VARIABLE INTERNACIONAL FI B;ES0112186012;24/11/2020;18,112209;EUR
SANTALUCIA RENTA VARIABLE INTERNACIONAL FI B;ES0112186012;25/11/2020;18,112269;EUR
SANTALUCIA RENTA VARIABLE INTERNACIONAL FI B;ES0112186012;27/11/2020;18,232279;EUR
SANTALUCIA RENTA VARIABLE INTERNACIONAL FI B;ES0112186012;30/11/2020;18,143585;EUR
SANTALUCIA RENTA VARIABLE INTERNACIONAL FI B;ES0112186012;01/12/2020;18,311675;EUR
SANTALUCIA RENTA VARIABLE INTERNACIONAL FI B;ES0112186012;02/12/2020;18,248248;EUR
SANTALUCIA RENTA VARIABLE INTERNACIONAL FI B;ES0112186012;03/12/2020;18,296274;EUR
SANTALUCIA RENTA VARIABLE INTERNACIONAL FI B;ES0112186012;04/12/2020;18,378175;EUR
SANTALUCIA RENTA VARIABLE INTERNACIONAL FI B;ES0112186012;07/12/2020;18,388325;EUR
SANTALUCIA RENTA VARIABLE INTERNACIONAL FI B;ES0112186012;09/12/2020;18,423395;EUR
SANTALUCIA RENTA VARIABLE INTERNACIONAL FI B;ES0112186012;10/12/2020;18,363943;EUR
SANTALUCIA RENTA VARIABLE INTERNACIONAL FI B;ES0112186012;11/12/2020;18,309749;EUR
SANTALUCIA RENTA VARIABLE INTERNACIONAL FI B;ES0112186012;14/12/2020;18,402856;EUR
SANTALUCIA RENTA VARIABLE INTERNACIONAL FI B;ES0112186012;15/12/2020;18,41495;EUR
SANTALUCIA RENTA VARIABLE INTERNACIONAL FI B;ES0112186012;16/12/2020;18,537492;EUR
SANTALUCIA RENTA VARIABLE INTERNACIONAL FI B;ES0112186012;17/12/2020;18,670019;EUR
SANTALUCIA RENTA VARIABLE INTERNACIONAL FI B;ES0112186012;18/12/2020;18,662631;EUR
SANTALUCIA RENTA VARIABLE INTERNACIONAL FI B;ES0112186012;21/12/2020;18,484026;EUR
SANTALUCIA RENTA VARIABLE INTERNACIONAL FI B;ES0112186012;22/12/2020;18,603644;EUR
SANTALUCIA RENTA VARIABLE INTERNACIONAL FI B;ES0112186012;23/12/2020;18,67618;EUR
SANTALUCIA RENTA VARIABLE INTERNACIONAL FI B;ES0112186012;30/12/2020;18,805305;EUR
SANTALUCIA RENTA VARIABLE INTERNACIONAL FI B;ES0112186012;04/01/2021;18,737274;EUR
SANTALUCIA RENTA VARIABLE INTERNACIONAL FI B;ES0112186012;05/01/2021;18,744647;EUR
SANTALUCIA RENTA VARIABLE INTERNACIONAL FI B;ES0112186012;06/01/2021;18,866406;EUR
SANTALUCIA RENTA VARIABLE INTERNACIONAL FI B;ES0112186012;07/01/2021;19,065975;EUR
SANTALUCIA RENTA VARIABLE INTERNACIONAL FI B;ES0112186012;08/01/2021;19,239149;EUR
SANTALUCIA RENTA VARIABLE INTERNACIONAL FI B;ES0112186012;11/01/2021;19,197468;EUR
SANTALUCIA RENTA VARIABLE INTERNACIONAL FI B;ES0112186012;12/01/2021;19,184577;EUR
SANTALUCIA RENTA VARIABLE INTERNACIONAL FI B;ES0112186012;13/01/2021;19,202289;EUR
SANTALUCIA RENTA VARIABLE INTERNACIONAL FI B;ES0112186012;14/01/2021;19,261774;EUR
SANTALUCIA RENTA VARIABLE INTERNACIONAL FI B;ES0112186012;15/01/2021;19,095429;EUR
SANTALUCIA RENTA VARIABLE INTERNACIONAL FI B;ES0112186012;19/01/2021;19,157454;EUR
SANTALUCIA RENTA VARIABLE INTERNACIONAL FI B;ES0112186012;20/01/2021;19,349811;EUR
SANTALUCIA RENTA VARIABLE INTERNACIONAL FI B;ES0112186012;21/01/2021;19,396998;EUR
SANTALUCIA RENTA VARIABLE INTERNACIONAL FI B;ES0112186012;22/01/2021;19,318994;EUR
SANTALUCIA RENTA VARIABLE INTERNACIONAL FI B;ES0112186012;25/01/2021;19,280674;EUR
SANTALUCIA RENTA VARIABLE INTERNACIONAL FI B;ES0112186012;26/01/2021;19,282669;EUR
SANTALUCIA RENTA VARIABLE INTERNACIONAL FI B;ES0112186012;27/01/2021;18,948447;EUR
SANTALUCIA RENTA VARIABLE INTERNACIONAL FI B;ES0112186012;28/01/2021;18,985068;EUR
SANTALUCIA RENTA VARIABLE INTERNACIONAL FI B;ES0112186012;29/01/2021;18,755652;EUR
SANTALUCIA RENTA VARIABLE INTERNACIONAL FI B;ES0112186012;01/02/2021;18,936849;EUR
SANTALUCIA RENTA VARIABLE INTERNACIONAL FI B;ES0112186012;02/02/2021;19,303166;EUR
SANTALUCIA RENTA VARIABLE INTERNACIONAL FI B;ES0112186012;03/02/2021;19,362739;EUR
SANTALUCIA RENTA VARIABLE INTERNACIONAL FI B;ES0112186012;04/02/2021;19,475074;EUR
SANTALUCIA RENTA VARIABLE INTERNACIONAL FI B;ES0112186012;05/02/2021;19,618974;EUR
SANTALUCIA RENTA VARIABLE INTERNACIONAL FI B;ES0112186012;08/02/2021;19,738553;EUR
SANTALUCIA RENTA VARIABLE INTERNACIONAL FI B;ES0112186012;09/02/2021;19,778455;EUR
SANTALUCIA RENTA VARIABLE INTERNACIONAL FI B;ES0112186012;10/02/2021;19,814967;EUR
SANTALUCIA RENTA VARIABLE INTERNACIONAL FI B;ES0112186012;11/02/2021;19,872201;EUR
SANTALUCIA RENTA VARIABLE INTERNACIONAL FI B;ES0112186012;12/02/2021;19,95277;EUR
SANTALUCIA RENTA VARIABLE INTERNACIONAL FI B;ES0112186012;16/02/2021;20,066141;EUR
SANTALUCIA RENTA VARIABLE INTERNACIONAL FI B;ES0112186012;17/02/2021;19,930164;EUR
SANTALUCIA RENTA VARIABLE INTERNACIONAL FI B;ES0112186012;18/02/2021;19,818801;EUR
SANTALUCIA RENTA VARIABLE INTERNACIONAL FI B;ES0112186012;19/02/2021;19,912658;EUR
SANTALUCIA RENTA VARIABLE INTERNACIONAL FI B;ES0112186012;22/02/2021;19,691253;EUR
SANTALUCIA RENTA VARIABLE INTERNACIONAL FI B;ES0112186012;23/02/2021;19,48259;EUR
SANTALUCIA RENTA VARIABLE INTERNACIONAL FI B;ES0112186012;24/02/2021;19,597951;EUR
SANTALUCIA RENTA VARIABLE INTERNACIONAL FI B;ES0112186012;25/02/2021;19,507398;EUR
SANTALUCIA RENTA VARIABLE INTERNACIONAL FI B;ES0112186012;26/02/2021;19,207737;EUR
SANTALUCIA RENTA VARIABLE INTERNACIONAL FI B;ES0112186012;01/03/2021;19,539862;EUR
SANTALUCIA RENTA VARIABLE INTERNACIONAL FI B;ES0112186012;02/03/2021;19,51046;EUR
SANTALUCIA RENTA VARIABLE INTERNACIONAL FI B;ES0112186012;03/03/2021;19,344638;EUR
SANTALUCIA RENTA VARIABLE INTERNACIONAL FI B;ES0112186012;04/03/2021;19,063738;EUR
SANTALUCIA RENTA VARIABLE INTERNACIONAL FI B;ES0112186012;05/03/2021;18,887894;EUR
SANTALUCIA RENTA VARIABLE INTERNACIONAL FI B;ES0112186012;08/03/2021;19,198157;EUR
SANTALUCIA RENTA VARIABLE INTERNACIONAL FI B;ES0112186012;09/03/2021;19,345368;EUR
SANTALUCIA RENTA VARIABLE INTERNACIONAL FI B;ES0112186012;10/03/2021;19,396489;EUR
SANTALUCIA RENTA VARIABLE INTERNACIONAL FI B;ES0112186012;11/03/2021;19,528795;EUR
SANTALUCIA RENTA VARIABLE INTERNACIONAL FI B;ES0112186012;12/03/2021;19,456148;EUR
SANTALUCIA RENTA VARIABLE INTERNACIONAL FI B;ES0112186012;15/03/2021;19,527786;EUR
SANTALUCIA RENTA VARIABLE INTERNACIONAL FI B;ES0112186012;16/03/2021;19,654842;EUR
SANTALUCIA RENTA VARIABLE INTERNACIONAL FI B;ES0112186012;17/03/2021;19,557283;EUR
SANTALUCIA RENTA VARIABLE INTERNACIONAL FI B;ES0112186012;18/03/2021;19,646976;EUR
SANTALUCIA RENTA VARIABLE INTERNACIONAL FI B;ES0112186012;19/03/2021;19,472517;EUR
SANTALUCIA RENTA VARIABLE INTERNACIONAL FI B;ES0112186012;22/03/2021;19,532423;EUR
SANTALUCIA RENTA VARIABLE INTERNACIONAL FI B;ES0112186012;23/03/2021;19,484365;EUR
SANTALUCIA RENTA VARIABLE INTERNACIONAL FI B;ES0112186012;24/03/2021;19,450588;EUR
SANTALUCIA RENTA VARIABLE INTERNACIONAL FI B;ES0112186012;25/03/2021;19,321197;EUR
SANTALUCIA RENTA VARIABLE INTERNACIONAL FI B;ES0112186012;26/03/2021;19,533289;EUR
SANTALUCIA RENTA VARIABLE INTERNACIONAL FI B;ES0112186012;29/03/2021;19,592219;EUR
SANTALUCIA RENTA VARIABLE INTERNACIONAL FI B;ES0112186012;30/03/2021;19,638812;EUR
SANTALUCIA RENTA VARIABLE INTERNACIONAL FI B;ES0112186012;31/03/2021;19,687714;EUR
SANTALUCIA RENTA VARIABLE INTERNACIONAL FI B;ES0112186012;01/04/2021;19,804554;EUR
SANTALUCIA RENTA VARIABLE INTERNACIONAL FI B;ES0112186012;06/04/2021;20,064688;EUR
SANTALUCIA RENTA VARIABLE INTERNACIONAL FI B;ES0112186012;07/04/2021;20,024589;EUR
SANTALUCIA RENTA VARIABLE INTERNACIONAL FI B;ES0112186012;08/04/2021;20,105043;EUR
SANTALUCIA RENTA VARIABLE INTERNACIONAL FI B;ES0112186012;09/04/2021;20,159926;EUR
SANTALUCIA RENTA VARIABLE INTERNACIONAL FI B;ES0112186012;12/04/2021;20,179377;EUR
SANTALUCIA RENTA VARIABLE INTERNACIONAL FI B;ES0112186012;13/04/2021;20,234289;EUR
SANTALUCIA RENTA VARIABLE INTERNACIONAL FI B;ES0112186012;14/04/2021;20,285237;EUR
SANTALUCIA RENTA VARIABLE INTERNACIONAL FI B;ES0112186012;15/04/2021;20,358882;EUR
SANTALUCIA RENTA VARIABLE INTERNACIONAL FI B;ES0112186012;16/04/2021;20,447176;EUR
SANTALUCIA RENTA VARIABLE INTERNACIONAL FI B;ES0112186012;19/04/2021;20,376094;EUR
SANTALUCIA RENTA VARIABLE INTERNACIONAL FI B;ES0112186012;20/04/2021;20,116922;EUR
SANTALUCIA RENTA VARIABLE INTERNACIONAL FI B;ES0112186012;21/04/2021;20,252442;EUR
SANTALUCIA RENTA VARIABLE INTERNACIONAL FI B;ES0112186012;22/04/2021;20,380725;EUR
SANTALUCIA RENTA VARIABLE INTERNACIONAL FI B;ES0112186012;23/04/2021;20,369618;EUR
SANTALUCIA RENTA VARIABLE INTERNACIONAL FI B;ES0112186012;26/04/2021;20,429115;EUR
SANTALUCIA RENTA VARIABLE INTERNACIONAL FI B;ES0112186012;27/04/2021;20,40056;EUR
SANTALUCIA RENTA VARIABLE INTERNACIONAL FI B;ES0112186012;28/04/2021;20,415162;EUR
SANTALUCIA RENTA VARIABLE INTERNACIONAL FI B;ES0112186012;29/04/2021;20,400292;EUR
SANTALUCIA RENTA VARIABLE INTERNACIONAL FI B;ES0112186012;30/04/2021;20,351073;EUR
SANTALUCIA RENTA VARIABLE INTERNACIONAL FI B;ES0112186012;03/05/2021;20,435948;EUR
SANTALUCIA RENTA VARIABLE INTERNACIONAL FI B;ES0112186012;04/05/2021;20,195696;EUR
SANTALUCIA RENTA VARIABLE INTERNACIONAL FI B;ES0112186012;05/05/2021;20,409514;EUR
SANTALUCIA RENTA VARIABLE INTERNACIONAL FI B;ES0112186012;06/05/2021;20,373565;EUR
SANTALUCIA RENTA VARIABLE INTERNACIONAL FI B;ES0112186012;07/05/2021;20,60074;EUR
SANTALUCIA RENTA VARIABLE INTERNACIONAL FI B;ES0112186012;10/05/2021;20,625018;EUR
SANTALUCIA RENTA VARIABLE INTERNACIONAL FI B;ES0112186012;12/05/2021;20,076131;EUR
SANTALUCIA RENTA VARIABLE INTERNACIONAL FI B;ES0112186012;13/05/2021;20,06914;EUR
SANTALUCIA RENTA VARIABLE INTERNACIONAL FI B;ES0112186012;14/05/2021;20,320821;EUR
SANTALUCIA RENTA VARIABLE INTERNACIONAL FI B;ES0112186012;17/05/2021;20,2724;EUR
SANTALUCIA RENTA VARIABLE INTERNACIONAL FI B;ES0112186012;18/05/2021;20,325363;EUR
SANTALUCIA RENTA VARIABLE INTERNACIONAL FI B;ES0112186012;19/05/2021;20,008079;EUR
SANTALUCIA RENTA VARIABLE INTERNACIONAL FI B;ES0112186012;20/05/2021;20,311161;EUR
SANTALUCIA RENTA VARIABLE INTERNACIONAL FI B;ES0112186012;21/05/2021;20,389333;EUR
SANTALUCIA RENTA VARIABLE INTERNACIONAL FI B;ES0112186012;25/05/2021;20,452376;EUR
SANTALUCIA RENTA VARIABLE INTERNACIONAL FI B;ES0112186012;26/05/2021;20,480739;EUR
SANTALUCIA RENTA VARIABLE INTERNACIONAL FI B;ES0112186012;27/05/2021;20,527977;EUR
SANTALUCIA RENTA VARIABLE INTERNACIONAL FI B;ES0112186012;28/05/2021;20,608753;EUR
SANTALUCIA RENTA VARIABLE INTERNACIONAL FI B;ES0112186012;31/05/2021;20,509199;EUR
SANTALUCIA RENTA VARIABLE INTERNACIONAL FI B;ES0112186012;01/06/2021;20,588373;EUR
SANTALUCIA RENTA VARIABLE INTERNACIONAL FI B;ES0112186012;02/06/2021;20,644897;EUR
SANTALUCIA RENTA VARIABLE INTERNACIONAL FI B;ES0112186012;03/06/2021;20,600305;EUR
SANTALUCIA RENTA VARIABLE INTERNACIONAL FI B;ES0112186012;04/06/2021;20,676471;EUR
SANTALUCIA RENTA VARIABLE INTERNACIONAL FI B;ES0112186012;07/06/2021;20,685332;EUR
SANTALUCIA RENTA VARIABLE INTERNACIONAL FI B;ES0112186012;08/06/2021;20,687303;EUR
SANTALUCIA RENTA VARIABLE INTERNACIONAL FI B;ES0112186012;09/06/2021;20,727636;EUR
SANTALUCIA RENTA VARIABLE INTERNACIONAL FI B;ES0112186012;10/06/2021;20,748229;EUR
SANTALUCIA RENTA VARIABLE INTERNACIONAL FI B;ES0112186012;11/06/2021;20,805627;EUR
SANTALUCIA RENTA VARIABLE INTERNACIONAL FI B;ES0112186012;14/06/2021;20,80568;EUR
SANTALUCIA RENTA VARIABLE INTERNACIONAL FI B;ES0112186012;15/06/2021;20,827299;EUR
SANTALUCIA RENTA VARIABLE INTERNACIONAL FI B;ES0112186012;16/06/2021;20,858742;EUR
SANTALUCIA RENTA VARIABLE INTERNACIONAL FI B;ES0112186012;17/06/2021;20,806175;EUR
SANTALUCIA RENTA VARIABLE INTERNACIONAL FI B;ES0112186012;18/06/2021;20,554584;EUR
SANTALUCIA RENTA VARIABLE INTERNACIONAL FI B;ES0112186012;21/06/2021;20,686548;EUR
SANTALUCIA RENTA VARIABLE INTERNACIONAL FI B;ES0112186012;22/06/2021;20,786128;EUR
SANTALUCIA RENTA VARIABLE INTERNACIONAL FI B;ES0112186012;23/06/2021;20,752597;EUR
SANTALUCIA RENTA VARIABLE INTERNACIONAL FI B;ES0112186012;24/06/2021;20,86406;EUR
SANTALUCIA RENTA VARIABLE INTERNACIONAL FI B;ES0112186012;25/06/2021;20,930632;EUR
SANTALUCIA RENTA VARIABLE INTERNACIONAL FI B;ES0112186012;28/06/2021;20,884868;EUR
SANTALUCIA RENTA VARIABLE INTERNACIONAL FI B;ES0112186012;29/06/2021;20,958357;EUR
SANTALUCIA RENTA VARIABLE INTERNACIONAL FI B;ES0112186012;30/06/2021;20,898807;EUR
SANTALUCIA RENTA VARIABLE INTERNACIONAL FI B;ES0112186012;01/07/2021;20,971267;EUR
SANTALUCIA RENTA VARIABLE INTERNACIONAL FI B;ES0112186012;02/07/2021;21,06105;EUR
SANTALUCIA RENTA VARIABLE INTERNACIONAL FI B;ES0112186012;05/07/2021;21,124723;EUR
SANTALUCIA RENTA VARIABLE INTERNACIONAL FI B;ES0112186012;06/07/2021;20,999986;EUR
SANTALUCIA RENTA VARIABLE INTERNACIONAL FI B;ES0112186012;07/07/2021;21,111843;EUR
SANTALUCIA RENTA VARIABLE INTERNACIONAL FI B;ES0112186012;08/07/2021;20,861117;EUR
SANTALUCIA RENTA VARIABLE INTERNACIONAL FI B;ES0112186012;09/07/2021;21,107989;EUR
SANTALUCIA RENTA VARIABLE INTERNACIONAL FI B;ES0112186012;12/07/2021;21,192054;EUR
SANTALUCIA RENTA VARIABLE INTERNACIONAL FI B;ES0112186012;13/07/2021;21,229131;EUR
SANTALUCIA RENTA VARIABLE INTERNACIONAL FI B;ES0112186012;14/07/2021;21,158441;EUR
SANTALUCIA RENTA VARIABLE INTERNACIONAL FI B;ES0112186012;15/07/2021;21,073919;EUR
SANTALUCIA RENTA VARIABLE INTERNACIONAL FI B;ES0112186012;16/07/2021;21,0049;EUR
SANTALUCIA RENTA VARIABLE INTERNACIONAL FI B;ES0112186012;19/07/2021;20,582649;EUR
SANTALUCIA RENTA VARIABLE INTERNACIONAL FI B;ES0112186012;20/07/2021;20,789224;EUR
SANTALUCIA RENTA VARIABLE INTERNACIONAL FI B;ES0112186012;21/07/2021;20,994069;EUR
SANTALUCIA RENTA VARIABLE INTERNACIONAL FI B;ES0112186012;22/07/2021;21,048067;EUR
SANTALUCIA RENTA VARIABLE INTERNACIONAL FI B;ES0112186012;23/07/2021;21,246344;EUR
SANTALUCIA RENTA VARIABLE INTERNACIONAL FI B;ES0112186012;26/07/2021;21,266308;EUR
SANTALUCIA RENTA VARIABLE INTERNACIONAL FI B;ES0112186012;27/07/2021;21,12293;EUR
SANTALUCIA RENTA VARIABLE INTERNACIONAL FI B;ES0112186012;28/07/2021;21,215086;EUR
SANTALUCIA RENTA VARIABLE INTERNACIONAL FI B;ES0112186012;29/07/2021;21,316448;EUR
SANTALUCIA RENTA VARIABLE INTERNACIONAL FI B;ES0112186012;30/07/2021;21,193135;EUR
SANTALUCIA RENTA VARIABLE INTERNACIONAL FI B;ES0112186012;02/08/2021;21,27957;EUR
SANTALUCIA RENTA VARIABLE INTERNACIONAL FI B;ES0112186012;03/08/2021;21,230138;EUR
SANTALUCIA RENTA VARIABLE INTERNACIONAL FI B;ES0112186012;04/08/2021;21,290487;EUR
SANTALUCIA RENTA VARIABLE INTERNACIONAL FI B;ES0112186012;05/08/2021;21,367283;EUR
SANTALUCIA RENTA VARIABLE INTERNACIONAL FI B;ES0112186012;06/08/2021;21,419451;EUR
SANTALUCIA RENTA VARIABLE INTERNACIONAL FI B;ES0112186012;09/08/2021;21,419911;EUR
SANTALUCIA RENTA VARIABLE INTERNACIONAL FI B;ES0112186012;10/08/2021;21,464786;EUR
SANTALUCIA RENTA VARIABLE INTERNACIONAL FI B;ES0112186012;11/08/2021;21,516957;EUR
SANTALUCIA RENTA VARIABLE INTERNACIONAL FI B;ES0112186012;12/08/2021;21,537339;EUR
SANTALUCIA RENTA VARIABLE INTERNACIONAL FI B;ES0112186012;13/08/2021;21,594986;EUR
SANTALUCIA RENTA VARIABLE INTERNACIONAL FI B;ES0112186012;16/08/2021;21,497337;EUR
SANTALUCIA RENTA VARIABLE INTERNACIONAL FI B;ES0112186012;17/08/2021;21,476129;EUR
SANTALUCIA RENTA VARIABLE INTERNACIONAL FI B;ES0112186012;18/08/2021;21,472792;EUR
SANTALUCIA RENTA VARIABLE INTERNACIONAL FI B;ES0112186012;19/08/2021;21,229945;EUR
SANTALUCIA RENTA VARIABLE INTERNACIONAL FI B;ES0112186012;20/08/2021;21,3461;EUR
SANTALUCIA RENTA VARIABLE INTERNACIONAL FI B;ES0112186012;23/08/2021;21,543105;EUR
SANTALUCIA RENTA VARIABLE INTERNACIONAL FI B;ES0112186012;24/08/2021;21,572316;EUR
SANTALUCIA RENTA VARIABLE INTERNACIONAL FI B;ES0112186012;25/08/2021;21,611187;EUR
SANTALUCIA RENTA VARIABLE INTERNACIONAL FI B;ES0112186012;26/08/2021;21,540701;EUR
SANTALUCIA RENTA VARIABLE INTERNACIONAL FI B;ES0112186012;27/08/2021;21,631821;EUR
SANTALUCIA RENTA VARIABLE INTERNACIONAL FI B;ES0112186012;30/08/2021;21,720406;EUR
SANTALUCIA RENTA VARIABLE INTERNACIONAL FI B;ES0112186012;31/08/2021;21,697964;EUR
SANTALUCIA RENTA VARIABLE INTERNACIONAL FI B;ES0112186012;01/09/2021;21,731858;EUR
SANTALUCIA RENTA VARIABLE INTERNACIONAL FI B;ES0112186012;02/09/2021;21,804146;EUR
SANTALUCIA RENTA VARIABLE INTERNACIONAL FI B;ES0112186012;03/09/2021;21,779075;EUR
SANTALUCIA RENTA VARIABLE INTERNACIONAL FI B;ES0112186012;06/09/2021;21,894979;EUR
SANTALUCIA RENTA VARIABLE INTERNACIONAL FI B;ES0112186012;07/09/2021;21,759239;EUR
SANTALUCIA RENTA VARIABLE INTERNACIONAL FI B;ES0112186012;08/09/2021;21,668486;EUR
SANTALUCIA RENTA VARIABLE INTERNACIONAL FI B;ES0112186012;09/09/2021;21,68299;EUR
SANTALUCIA RENTA VARIABLE INTERNACIONAL FI B;ES0112186012;10/09/2021;21,584893;EUR
SANTALUCIA RENTA VARIABLE INTERNACIONAL FI B;ES0112186012;13/09/2021;21,563314;EUR
SANTALUCIA RENTA VARIABLE INTERNACIONAL FI B;ES0112186012;14/09/2021;21,527415;EUR
SANTALUCIA RENTA VARIABLE INTERNACIONAL FI B;ES0112186012;15/09/2021;21,471742;EUR
SANTALUCIA RENTA VARIABLE INTERNACIONAL FI B;ES0112186012;16/09/2021;21,494999;EUR
SANTALUCIA RENTA VARIABLE INTERNACIONAL FI B;ES0112186012;17/09/2021;21,408833;EUR
SANTALUCIA RENTA VARIABLE INTERNACIONAL FI B;ES0112186012;20/09/2021;21,03993;EUR
SANTALUCIA RENTA VARIABLE INTERNACIONAL FI B;ES0112186012;21/09/2021;21,150195;EUR
SANTALUCIA RENTA VARIABLE INTERNACIONAL FI B;ES0112186012;22/09/2021;21,287262;EUR
SANTALUCIA RENTA VARIABLE INTERNACIONAL FI B;ES0112186012;23/09/2021;21,493275;EUR
SANTALUCIA RENTA VARIABLE INTERNACIONAL FI B;ES0112186012;24/09/2021;21,420587;EUR
SANTALUCIA RENTA VARIABLE INTERNACIONAL FI B;ES0112186012;27/09/2021;21,455494;EUR
SANTALUCIA RENTA VARIABLE INTERNACIONAL FI B;ES0112186012;28/09/2021;21,087464;EUR
SANTALUCIA RENTA VARIABLE INTERNACIONAL FI B;ES0112186012;29/09/2021;21,151184;EUR
SANTALUCIA RENTA VARIABLE INTERNACIONAL FI B;ES0112186012;30/09/2021;21,066686;EUR
SANTALUCIA RENTA VARIABLE INTERNACIONAL FI B;ES0112186012;01/10/2021;20,935871;EUR
SANTALUCIA RENTA VARIABLE INTERNACIONAL FI B;ES0112186012;04/10/2021;20,77627;EUR
SANTALUCIA RENTA VARIABLE INTERNACIONAL FI B;ES0112186012;05/10/2021;21,075057;EUR
SANTALUCIA RENTA VARIABLE INTERNACIONAL FI B;ES0112186012;06/10/2021;20,814606;EUR
SANTALUCIA RENTA VARIABLE INTERNACIONAL FI B;ES0112186012;07/10/2021;21,2761;EUR
SANTALUCIA RENTA VARIABLE INTERNACIONAL FI B;ES0112186012;08/10/2021;21,215291;EUR
SANTALUCIA RENTA VARIABLE INTERNACIONAL FI B;ES0112186012;11/10/2021;21,272381;EUR
SANTALUCIA RENTA VARIABLE INTERNACIONAL FI B;ES0112186012;13/10/2021;21,079637;EUR
SANTALUCIA RENTA VARIABLE INTERNACIONAL FI B;ES0112186012;14/10/2021;21,403051;EUR
SANTALUCIA RENTA VARIABLE INTERNACIONAL FI B;ES0112186012;15/10/2021;21,592865;EUR
SANTALUCIA RENTA VARIABLE INTERNACIONAL FI B;ES0112186012;18/10/2021;21,585906;EUR
SANTALUCIA RENTA VARIABLE INTERNACIONAL FI B;ES0112186012;19/10/2021;21,710012;EUR
SANTALUCIA RENTA VARIABLE INTERNACIONAL FI B;ES0112186012;20/10/2021;21,794486;EUR
SANTALUCIA RENTA VARIABLE INTERNACIONAL FI B;ES0112186012;21/10/2021;21,728402;EUR
SANTALUCIA RENTA VARIABLE INTERNACIONAL FI B;ES0112186012;22/10/2021;21,788674;EUR
SANTALUCIA RENTA VARIABLE INTERNACIONAL FI B;ES0112186012;25/10/2021;21,876217;EUR
SANTALUCIA RENTA VARIABLE INTERNACIONAL FI B;ES0112186012;26/10/2021;21,999269;EUR
SANTALUCIA RENTA VARIABLE INTERNACIONAL FI B;ES0112186012;27/10/2021;21,884509;EUR
SANTALUCIA RENTA VARIABLE INTERNACIONAL FI B;ES0112186012;28/10/2021;21,91912;EUR
SANTALUCIA RENTA VARIABLE INTERNACIONAL FI B;ES0112186012;29/10/2021;21,961494;EUR
SANTALUCIA RENTA VARIABLE INTERNACIONAL FI B;ES0112186012;02/11/2021;22,1198;EUR
SANTALUCIA RENTA VARIABLE INTERNACIONAL FI B;ES0112186012;03/11/2021;22,122488;EUR
SANTALUCIA RENTA VARIABLE INTERNACIONAL FI B;ES0112186012;04/11/2021;22,272386;EUR
SANTALUCIA RENTA VARIABLE INTERNACIONAL FI B;ES0112186012;05/11/2021;22,398427;EUR
SANTALUCIA RENTA VARIABLE INTERNACIONAL FI B;ES0112186012;08/11/2021;22,381538;EUR
SANTALUCIA RENTA VARIABLE INTERNACIONAL FI B;ES0112186012;09/11/2021;22,297985;EUR
SANTALUCIA RENTA VARIABLE INTERNACIONAL FI B;ES0112186012;10/11/2021;22,320144;EUR
SANTALUCIA RENTA VARIABLE INTERNACIONAL FI B;ES0112186012;11/11/2021;22,27967;EUR
SANTALUCIA RENTA VARIABLE INTERNACIONAL FI B;ES0112186012;12/11/2021;22,366501;EUR
SANTALUCIA RENTA VARIABLE INTERNACIONAL FI B;ES0112186012;15/11/2021;22,431389;EUR
SANTALUCIA RENTA VARIABLE INTERNACIONAL FI B;ES0112186012;16/11/2021;22,503795;EUR
SANTALUCIA RENTA VARIABLE INTERNACIONAL FI B;ES0112186012;17/11/2021;22,429298;EUR
SANTALUCIA RENTA VARIABLE INTERNACIONAL FI B;ES0112186012;18/11/2021;22,392715;EUR
SANTALUCIA RENTA VARIABLE INTERNACIONAL FI B;ES0112186012;19/11/2021;22,388434;EUR
SANTALUCIA RENTA VARIABLE INTERNACIONAL FI B;ES0112186012;22/11/2021;22,465389;EUR
SANTALUCIA RENTA VARIABLE INTERNACIONAL FI B;ES0112186012;23/11/2021;22,235083;EUR
SANTALUCIA RENTA VARIABLE INTERNACIONAL FI B;ES0112186012;24/11/2021;22,291039;EUR
SANTALUCIA RENTA VARIABLE INTERNACIONAL FI B;ES0112186012;26/11/2021;21,725728;EUR
SANTALUCIA RENTA VARIABLE INTERNACIONAL FI B;ES0112186012;29/11/2021;21,890383;EUR
SANTALUCIA RENTA VARIABLE INTERNACIONAL FI B;ES0112186012;30/11/2021;21,621294;EUR
SANTALUCIA RENTA VARIABLE INTERNACIONAL FI B;ES0112186012;01/12/2021;21,849247;EUR
SANTALUCIA RENTA VARIABLE INTERNACIONAL FI B;ES0112186012;02/12/2021;21,576554;EUR
SANTALUCIA RENTA VARIABLE INTERNACIONAL FI B;ES0112186012;03/12/2021;21,507837;EUR
SANTALUCIA RENTA VARIABLE INTERNACIONAL FI B;ES0112186012;07/12/2021;22,177974;EUR
SANTALUCIA RENTA VARIABLE INTERNACIONAL FI B;ES0112186012;09/12/2021;22,113102;EUR
SANTALUCIA RENTA VARIABLE INTERNACIONAL FI B;ES0112186012;10/12/2021;22,076197;EUR
SANTALUCIA RENTA VARIABLE INTERNACIONAL FI B;ES0112186012;13/12/2021;21,997696;EUR
SANTALUCIA RENTA VARIABLE INTERNACIONAL FI B;ES0112186012;14/12/2021;21,839779;EUR
SANTALUCIA RENTA VARIABLE INTERNACIONAL FI B;ES0112186012;15/12/2021;21,8703;EUR
SANTALUCIA RENTA VARIABLE INTERNACIONAL FI B;ES0112186012;16/12/2021;22,11436;EUR
SANTALUCIA RENTA VARIABLE INTERNACIONAL FI B;ES0112186012;17/12/2021;21,918365;EUR
SANTALUCIA RENTA VARIABLE INTERNACIONAL FI B;ES0112186012;20/12/2021;21,517117;EUR
SANTALUCIA RENTA VARIABLE INTERNACIONAL FI B;ES0112186012;21/12/2021;21,839673;EUR
SANTALUCIA RENTA VARIABLE INTERNACIONAL FI B;ES0112186012;22/12/2021;22,07336;EUR
SANTALUCIA RENTA VARIABLE INTERNACIONAL FI B;ES0112186012;23/12/2021;22,257595;EUR
SANTALUCIA RENTA VARIABLE INTERNACIONAL FI B;ES0112186012;29/12/2021;22,472189;EUR
SANTALUCIA RENTA VARIABLE INTERNACIONAL FI B;ES0112186012;30/12/2021;22,493469;EUR
SANTALUCIA RENTA VARIABLE INTERNACIONAL FI B;ES0112186012;04/01/2022;22,596733;EUR
SANTALUCIA RENTA VARIABLE INTERNACIONAL FI B;ES0112186012;05/01/2022;22,496029;EUR
SANTALUCIA RENTA VARIABLE INTERNACIONAL FI B;ES0112186012;07/01/2022;22,162064;EUR
SANTALUCIA RENTA VARIABLE INTERNACIONAL FI B;ES0112186012;10/01/2022;21,964456;EUR
SANTALUCIA RENTA VARIABLE INTERNACIONAL FI B;ES0112186012;11/01/2022;22,171602;EUR
SANTALUCIA RENTA VARIABLE INTERNACIONAL FI B;ES0112186012;12/01/2022;22,307507;EUR
SANTALUCIA RENTA VARIABLE INTERNACIONAL FI B;ES0112186012;13/01/2022;22,225731;EUR
SANTALUCIA RENTA VARIABLE INTERNACIONAL FI B;ES0112186012;14/01/2022;21,999769;EUR
SANTALUCIA RENTA VARIABLE INTERNACIONAL FI B;ES0112186012;18/01/2022;21,808622;EUR
SANTALUCIA RENTA VARIABLE INTERNACIONAL FI B;ES0112186012;19/01/2022;21,696115;EUR
SANTALUCIA RENTA VARIABLE INTERNACIONAL FI B;ES0112186012;20/01/2022;21,72919;EUR
SANTALUCIA RENTA VARIABLE INTERNACIONAL FI B;ES0112186012;21/01/2022;21,311894;EUR
SANTALUCIA RENTA VARIABLE INTERNACIONAL FI B;ES0112186012;24/01/2022;20,755604;EUR
SANTALUCIA RENTA VARIABLE INTERNACIONAL FI B;ES0112186012;25/01/2022;20,784661;EUR
SANTALUCIA RENTA VARIABLE INTERNACIONAL FI B;ES0112186012;26/01/2022;21,041658;EUR
SANTALUCIA RENTA VARIABLE INTERNACIONAL FI B;ES0112186012;27/01/2022;20,966032;EUR
SANTALUCIA RENTA VARIABLE INTERNACIONAL FI B;ES0112186012;28/01/2022;20,946085;EUR
SANTALUCIA RENTA VARIABLE INTERNACIONAL FI B;ES0112186012;31/01/2022;21,301524;EUR
SANTALUCIA RENTA VARIABLE INTERNACIONAL FI B;ES0112186012;01/02/2022;21,499098;EUR
SANTALUCIA RENTA VARIABLE INTERNACIONAL FI B;ES0112186012;02/02/2022;21,64289;EUR
SANTALUCIA RENTA VARIABLE INTERNACIONAL FI B;ES0112186012;03/02/2022;21,37687;EUR
SANTALUCIA RENTA VARIABLE INTERNACIONAL FI B;ES0112186012;04/02/2022;21,261287;EUR
SANTALUCIA RENTA VARIABLE INTERNACIONAL FI B;ES0112186012;07/02/2022;21,318452;EUR
SANTALUCIA RENTA VARIABLE INTERNACIONAL FI B;ES0112186012;08/02/2022;21,397791;EUR
SANTALUCIA RENTA VARIABLE INTERNACIONAL FI B;ES0112186012;09/02/2022;21,699232;EUR
SANTALUCIA RENTA VARIABLE INTERNACIONAL FI B;ES0112186012;10/02/2022;21,589332;EUR
SANTALUCIA RENTA VARIABLE INTERNACIONAL FI B;ES0112186012;11/02/2022;21,333142;EUR
SANTALUCIA RENTA VARIABLE INTERNACIONAL FI B;ES0112186012;14/02/2022;21,053962;EUR
SANTALUCIA RENTA VARIABLE INTERNACIONAL FI B;ES0112186012;15/02/2022;21,304697;EUR
SANTALUCIA RENTA VARIABLE INTERNACIONAL FI B;ES0112186012;16/02/2022;21,284647;EUR
SANTALUCIA RENTA VARIABLE INTERNACIONAL FI B;ES0112186012;17/02/2022;21,081627;EUR
SANTALUCIA RENTA VARIABLE INTERNACIONAL FI B;ES0112186012;18/02/2022;20,87889;EUR
SANTALUCIA RENTA VARIABLE INTERNACIONAL FI B;ES0112186012;22/02/2022;20,657311;EUR
SANTALUCIA RENTA VARIABLE INTERNACIONAL FI B;ES0112186012;23/02/2022;20,476336;EUR
SANTALUCIA RENTA VARIABLE INTERNACIONAL FI B;ES0112186012;24/02/2022;20,181677;EUR
SANTALUCIA RENTA VARIABLE INTERNACIONAL FI B;ES0112186012;25/02/2022;20,795984;EUR
SANTALUCIA RENTA VARIABLE INTERNACIONAL FI B;ES0112186012;28/02/2022;20,828344;EUR
SANTALUCIA RENTA VARIABLE INTERNACIONAL FI B;ES0112186012;01/03/2022;20,516204;EUR
SANTALUCIA RENTA VARIABLE INTERNACIONAL FI B;ES0112186012;02/03/2022;20,739862;EUR
SANTALUCIA RENTA VARIABLE INTERNACIONAL FI B;ES0112186012;03/03/2022;20,598904;EUR
SANTALUCIA RENTA VARIABLE INTERNACIONAL FI B;ES0112186012;04/03/2022;20,235663;EUR
SANTALUCIA RENTA VARIABLE INTERNACIONAL FI B;ES0112186012;07/03/2022;19,950899;EUR
SANTALUCIA RENTA VARIABLE INTERNACIONAL FI B;ES0112186012;08/03/2022;19,703461;EUR
SANTALUCIA RENTA VARIABLE INTERNACIONAL FI B;ES0112186012;09/03/2022;20,203007;EUR
SANTALUCIA RENTA VARIABLE INTERNACIONAL FI B;ES0112186012;10/03/2022;20,051589;EUR
SANTALUCIA RENTA VARIABLE INTERNACIONAL FI B;ES0112186012;11/03/2022;20,077217;EUR
SANTALUCIA RENTA VARIABLE INTERNACIONAL FI B;ES0112186012;14/03/2022;19,997166;EUR
SANTALUCIA RENTA VARIABLE INTERNACIONAL FI B;ES0112186012;15/03/2022;20,165629;EUR
SANTALUCIA RENTA VARIABLE INTERNACIONAL FI B;ES0112186012;16/03/2022;20,612354;EUR
SANTALUCIA RENTA VARIABLE INTERNACIONAL FI B;ES0112186012;17/03/2022;20,813117;EUR
SANTALUCIA RENTA VARIABLE INTERNACIONAL FI B;ES0112186012;18/03/2022;21,02098;EUR
SANTALUCIA RENTA VARIABLE INTERNACIONAL FI B;ES0112186012;21/03/2022;21,083612;EUR
SANTALUCIA RENTA VARIABLE INTERNACIONAL FI B;ES0112186012;22/03/2022;21,27596;EUR
SANTALUCIA RENTA VARIABLE INTERNACIONAL FI B;ES0112186012;23/03/2022;21,164917;EUR
SANTALUCIA RENTA VARIABLE INTERNACIONAL FI B;ES0112186012;24/03/2022;21,236823;EUR
SANTALUCIA RENTA VARIABLE INTERNACIONAL FI B;ES0112186012;25/03/2022;21,325334;EUR
SANTALUCIA RENTA VARIABLE INTERNACIONAL FI B;ES0112186012;28/03/2022;21,387504;EUR
SANTALUCIA RENTA VARIABLE INTERNACIONAL FI B;ES0112186012;29/03/2022;21,680194;EUR
SANTALUCIA RENTA VARIABLE INTERNACIONAL FI B;ES0112186012;30/03/2022;21,611;EUR
SANTALUCIA RENTA VARIABLE INTERNACIONAL FI B;ES0112186012;31/03/2022;21,424989;EUR
SANTALUCIA RENTA VARIABLE INTERNACIONAL FI B;ES0112186012;01/04/2022;21,374009;EUR
SANTALUCIA RENTA VARIABLE INTERNACIONAL FI B;ES0112186012;04/04/2022;21,530383;EUR
SANTALUCIA RENTA VARIABLE INTERNACIONAL FI B;ES0112186012;05/04/2022;21,447223;EUR
SANTALUCIA RENTA VARIABLE INTERNACIONAL FI B;ES0112186012;06/04/2022;21,139685;EUR
SANTALUCIA RENTA VARIABLE INTERNACIONAL FI B;ES0112186012;07/04/2022;21,128405;EUR
SANTALUCIA RENTA VARIABLE INTERNACIONAL FI B;ES0112186012;08/04/2022;21,268509;EUR
SANTALUCIA RENTA VARIABLE INTERNACIONAL FI B;ES0112186012;11/04/2022;21,023991;EUR
SANTALUCIA RENTA VARIABLE INTERNACIONAL FI B;ES0112186012;12/04/2022;20,99312;EUR
SANTALUCIA RENTA VARIABLE INTERNACIONAL FI B;ES0112186012;13/04/2022;21,032853;EUR
SANTALUCIA RENTA VARIABLE INTERNACIONAL FI B;ES0112186012;14/04/2022;21,016789;EUR
SANTALUCIA RENTA VARIABLE INTERNACIONAL FI B;ES0112186012;19/04/2022;21,094863;EUR
SANTALUCIA RENTA VARIABLE INTERNACIONAL FI B;ES0112186012;20/04/2022;21,18464;EUR
SANTALUCIA RENTA VARIABLE INTERNACIONAL FI B;ES0112186012;21/04/2022;21,120537;EUR
SANTALUCIA RENTA VARIABLE INTERNACIONAL FI B;ES0112186012;22/04/2022;20,62801;EUR
SANTALUCIA RENTA VARIABLE INTERNACIONAL FI B;ES0112186012;25/04/2022;20,358602;EUR
SANTALUCIA RENTA VARIABLE INTERNACIONAL FI B;ES0112186012;26/04/2022;20,152951;EUR
SANTALUCIA RENTA VARIABLE INTERNACIONAL FI B;ES0112186012;27/04/2022;20,180265;EUR
SANTALUCIA RENTA VARIABLE INTERNACIONAL FI B;ES0112186012;28/04/2022;20,397171;EUR
SANTALUCIA RENTA VARIABLE INTERNACIONAL FI B;ES0112186012;29/04/2022;20,231909;EUR
SANTALUCIA RENTA VARIABLE INTERNACIONAL FI B;ES0112186012;03/05/2022;20,187181;EUR
SANTALUCIA RENTA VARIABLE INTERNACIONAL FI B;ES0112186012;04/05/2022;20,215353;EUR
SANTALUCIA RENTA VARIABLE INTERNACIONAL FI B;ES0112186012;05/05/2022;20,010699;EUR
SANTALUCIA RENTA VARIABLE INTERNACIONAL FI B;ES0112186012;06/05/2022;19,823995;EUR
SANTALUCIA RENTA VARIABLE INTERNACIONAL FI B;ES0112186012;09/05/2022;19,3085;EUR
SANTALUCIA RENTA VARIABLE INTERNACIONAL FI B;ES0112186012;10/05/2022;19,261329;EUR
SANTALUCIA RENTA VARIABLE INTERNACIONAL FI B;ES0112186012;11/05/2022;19,327118;EUR
SANTALUCIA RENTA VARIABLE INTERNACIONAL FI B;ES0112186012;12/05/2022;19,123972;EUR
SANTALUCIA RENTA VARIABLE INTERNACIONAL FI B;ES0112186012;13/05/2022;19,556672;EUR
SANTALUCIA RENTA VARIABLE INTERNACIONAL FI B;ES0112186012;16/05/2022;19,498099;EUR
SANTALUCIA RENTA VARIABLE INTERNACIONAL FI B;ES0112186012;17/05/2022;19,764205;EUR
SANTALUCIA RENTA VARIABLE INTERNACIONAL FI B;ES0112186012;18/05/2022;19,373236;EUR
SANTALUCIA RENTA VARIABLE INTERNACIONAL FI B;ES0112186012;19/05/2022;19,153015;EUR
SANTALUCIA RENTA VARIABLE INTERNACIONAL FI B;ES0112186012;20/05/2022;19,153708;EUR
SANTALUCIA RENTA VARIABLE INTERNACIONAL FI B;ES0112186012;23/05/2022;19,458113;EUR
SANTALUCIA RENTA VARIABLE INTERNACIONAL FI B;ES0112186012;24/05/2022;19,208308;EUR
SANTALUCIA RENTA VARIABLE INTERNACIONAL FI B;ES0112186012;25/05/2022;19,395898;EUR
SANTALUCIA RENTA VARIABLE INTERNACIONAL FI B;ES0112186012;26/05/2022;19,681057;EUR
SANTALUCIA RENTA VARIABLE INTERNACIONAL FI B;ES0112186012;27/05/2022;20,014064;EUR
SANTALUCIA RENTA VARIABLE INTERNACIONAL FI B;ES0112186012;31/05/2022;19,967682;EUR
SANTALUCIA RENTA VARIABLE INTERNACIONAL FI B;ES0112186012;01/06/2022;19,849897;EUR
SANTALUCIA RENTA VARIABLE INTERNACIONAL FI B;ES0112186012;06/06/2022;20,026457;EUR
SANTALUCIA RENTA VARIABLE INTERNACIONAL FI B;ES0112186012;07/06/2022;20,044326;EUR
SANTALUCIA RENTA VARIABLE INTERNACIONAL FI B;ES0112186012;08/06/2022;20,029872;EUR
SANTALUCIA RENTA VARIABLE INTERNACIONAL FI B;ES0112186012;09/06/2022;19,719451;EUR
SANTALUCIA RENTA VARIABLE INTERNACIONAL FI B;ES0112186012;10/06/2022;19,115939;EUR
SANTALUCIA RENTA VARIABLE INTERNACIONAL FI B;ES0112186012;13/06/2022;18,533403;EUR
SANTALUCIA RENTA VARIABLE INTERNACIONAL FI B;ES0112186012;14/06/2022;18,38269;EUR
SANTALUCIA RENTA VARIABLE INTERNACIONAL FI B;ES0112186012;15/06/2022;18,539618;EUR
SANTALUCIA RENTA VARIABLE INTERNACIONAL FI B;ES0112186012;16/06/2022;18,073844;EUR
SANTALUCIA RENTA VARIABLE INTERNACIONAL FI B;ES0112186012;17/06/2022;18,08077;EUR
SANTALUCIA RENTA VARIABLE INTERNACIONAL FI B;ES0112186012;21/06/2022;18,415815;EUR
SANTALUCIA RENTA VARIABLE INTERNACIONAL FI B;ES0112186012;22/06/2022;18,38164;EUR
SANTALUCIA RENTA VARIABLE INTERNACIONAL FI B;ES0112186012;23/06/2022;18,402253;EUR
SANTALUCIA RENTA VARIABLE INTERNACIONAL FI B;ES0112186012;24/06/2022;18,855725;EUR
SANTALUCIA RENTA VARIABLE INTERNACIONAL FI B;ES0112186012;27/06/2022;18,931881;EUR
SANTALUCIA RENTA VARIABLE INTERNACIONAL FI B;ES0112186012;28/06/2022;18,770653;EUR
SANTALUCIA RENTA VARIABLE INTERNACIONAL FI B;ES0112186012;29/06/2022;18,645962;EUR
SANTALUCIA RENTA VARIABLE INTERNACIONAL FI B;ES0112186012;30/06/2022;18,450182;EUR
SANTALUCIA RENTA VARIABLE INTERNACIONAL FI B;ES0112186012;01/07/2022;18,506451;EUR
SANTALUCIA RENTA VARIABLE INTERNACIONAL FI B;ES0112186012;05/07/2022;18,44787;EUR
SANTALUCIA RENTA VARIABLE INTERNACIONAL FI B;ES0112186012;06/07/2022;18,589451;EUR
SANTALUCIA RENTA VARIABLE INTERNACIONAL FI B;ES0112186012;07/07/2022;18,879183;EUR
SANTALUCIA RENTA VARIABLE INTERNACIONAL FI B;ES0112186012;08/07/2022;18,942717;EUR
SANTALUCIA RENTA VARIABLE INTERNACIONAL FI B;ES0112186012;11/07/2022;18,763006;EUR
SANTALUCIA RENTA VARIABLE INTERNACIONAL FI B;ES0112186012;12/07/2022;18,684643;EUR
SANTALUCIA RENTA VARIABLE INTERNACIONAL FI B;ES0112186012;13/07/2022;18,550776;EUR
SANTALUCIA RENTA VARIABLE INTERNACIONAL FI B;ES0112186012;14/07/2022;18,400258;EUR
SANTALUCIA RENTA VARIABLE INTERNACIONAL FI B;ES0112186012;15/07/2022;18,722812;EUR
SANTALUCIA RENTA VARIABLE INTERNACIONAL FI B;ES0112186012;18/07/2022;18,756918;EUR
SANTALUCIA RENTA VARIABLE INTERNACIONAL FI B;ES0112186012;19/07/2022;19,053858;EUR
SANTALUCIA RENTA VARIABLE INTERNACIONAL FI B;ES0112186012;20/07/2022;19,188272;EUR
SANTALUCIA RENTA VARIABLE INTERNACIONAL FI B;ES0112186012;21/07/2022;19,289041;EUR
SANTALUCIA RENTA VARIABLE INTERNACIONAL FI B;ES0112186012;22/07/2022;19,229225;EUR
SANTALUCIA RENTA VARIABLE INTERNACIONAL FI B;ES0112186012;25/07/2022;19,223048;EUR
SANTALUCIA RENTA VARIABLE INTERNACIONAL FI B;ES0112186012;26/07/2022;19,070712;EUR
SANTALUCIA RENTA VARIABLE INTERNACIONAL FI B;ES0112186012;27/07/2022;19,355648;EUR
SANTALUCIA RENTA VARIABLE INTERNACIONAL FI B;ES0112186012;28/07/2022;19,572543;EUR
SANTALUCIA RENTA VARIABLE INTERNACIONAL FI B;ES0112186012;29/07/2022;19,788424;EUR
SANTALUCIA RENTA VARIABLE INTERNACIONAL FI B;ES0112186012;01/08/2022;19,807167;EUR
SANTALUCIA RENTA VARIABLE INTERNACIONAL FI B;ES0112186012;02/08/2022;19,695006;EUR
SANTALUCIA RENTA VARIABLE INTERNACIONAL FI B;ES0112186012;03/08/2022;19,885117;EUR
SANTALUCIA RENTA VARIABLE INTERNACIONAL FI B;ES0112186012;04/08/2022;19,903103;EUR
SANTALUCIA RENTA VARIABLE INTERNACIONAL FI B;ES0112186012;05/08/2022;19,852433;EUR
SANTALUCIA RENTA VARIABLE INTERNACIONAL FI B;ES0112186012;08/08/2022;19,913721;EUR
SANTALUCIA RENTA VARIABLE INTERNACIONAL FI B;ES0112186012;09/08/2022;19,795995;EUR
SANTALUCIA RENTA VARIABLE INTERNACIONAL FI B;ES0112186012;10/08/2022;20,09115;EUR
SANTALUCIA RENTA VARIABLE INTERNACIONAL FI B;ES0112186012;11/08/2022;20,126198;EUR
SANTALUCIA RENTA VARIABLE INTERNACIONAL FI B;ES0112186012;12/08/2022;20,327764;EUR
SANTALUCIA RENTA VARIABLE INTERNACIONAL FI B;ES0112186012;16/08/2022;20,459138;EUR
SANTALUCIA RENTA VARIABLE INTERNACIONAL FI B;ES0112186012;17/08/2022;20,323266;EUR
SANTALUCIA RENTA VARIABLE INTERNACIONAL FI B;ES0112186012;18/08/2022;20,368472;EUR
SANTALUCIA RENTA VARIABLE INTERNACIONAL FI B;ES0112186012;19/08/2022;20,158067;EUR
SANTALUCIA RENTA VARIABLE INTERNACIONAL FI B;ES0112186012;22/08/2022;19,83706;EUR
SANTALUCIA RENTA VARIABLE INTERNACIONAL FI B;ES0112186012;23/08/2022;19,76221;EUR
SANTALUCIA RENTA VARIABLE INTERNACIONAL FI B;ES0112186012;24/08/2022;19,806459;EUR
SANTALUCIA RENTA VARIABLE INTERNACIONAL FI B;ES0112186012;25/08/2022;19,978619;EUR
SANTALUCIA RENTA VARIABLE INTERNACIONAL FI B;ES0112186012;26/08/2022;19,540542;EUR
SANTALUCIA RENTA VARIABLE INTERNACIONAL FI B;ES0112186012;30/08/2022;19,234308;EUR
SANTALUCIA RENTA VARIABLE INTERNACIONAL FI B;ES0112186012;31/08/2022;19,103593;EUR
SANTALUCIA RENTA VARIABLE INTERNACIONAL FI B;ES0112186012;01/09/2022;19,027572;EUR
SANTALUCIA RENTA VARIABLE INTERNACIONAL FI B;ES0112186012;02/09/2022;19,011374;EUR
SANTALUCIA RENTA VARIABLE INTERNACIONAL FI B;ES0112186012;06/09/2022;18,909046;EUR
SANTALUCIA RENTA VARIABLE INTERNACIONAL FI B;ES0112186012;07/09/2022;19,089901;EUR
SANTALUCIA RENTA VARIABLE INTERNACIONAL FI B;ES0112186012;08/09/2022;19,234173;EUR
SANTALUCIA RENTA VARIABLE INTERNACIONAL FI B;ES0112186012;09/09/2022;19,485231;EUR
SANTALUCIA RENTA VARIABLE INTERNACIONAL FI B;ES0112186012;12/09/2022;19,669469;EUR
SANTALUCIA RENTA VARIABLE INTERNACIONAL FI B;ES0112186012;13/09/2022;19,107154;EUR
SANTALUCIA RENTA VARIABLE INTERNACIONAL FI B;ES0112186012;14/09/2022;19,064217;EUR
SANTALUCIA RENTA VARIABLE INTERNACIONAL FI B;ES0112186012;15/09/2022;18,907552;EUR
SANTALUCIA RENTA VARIABLE INTERNACIONAL FI B;ES0112186012;16/09/2022;18,733789;EUR
SANTALUCIA RENTA VARIABLE INTERNACIONAL FI B;ES0112186012;20/09/2022;18,644998;EUR
SANTALUCIA RENTA VARIABLE INTERNACIONAL FI B;ES0112186012;21/09/2022;18,477181;EUR
SANTALUCIA RENTA VARIABLE INTERNACIONAL FI B;ES0112186012;22/09/2022;18,263958;EUR
SANTALUCIA RENTA VARIABLE INTERNACIONAL FI B;ES0112186012;23/09/2022;17,978216;EUR
SANTALUCIA RENTA VARIABLE INTERNACIONAL FI B;ES0112186012;26/09/2022;17,820892;EUR
SANTALUCIA RENTA VARIABLE INTERNACIONAL FI B;ES0112186012;27/09/2022;17,784791;EUR
SANTALUCIA RENTA VARIABLE INTERNACIONAL FI B;ES0112186012;28/09/2022;17,99905;EUR
SANTALUCIA RENTA VARIABLE INTERNACIONAL FI B;ES0112186012;29/09/2022;17,706182;EUR
SANTALUCIA RENTA VARIABLE INTERNACIONAL FI B;ES0112186012;30/09/2022;17,598123;EUR
SANTALUCIA RENTA VARIABLE INTERNACIONAL FI B;ES0112186012;03/10/2022;17,872607;EUR
SANTALUCIA RENTA VARIABLE INTERNACIONAL FI B;ES0112186012;04/10/2022;18,382381;EUR
SANTALUCIA RENTA VARIABLE INTERNACIONAL FI B;ES0112186012;05/10/2022;18,323717;EUR
SANTALUCIA RENTA VARIABLE INTERNACIONAL FI B;ES0112186012;06/10/2022;18,227393;EUR
SANTALUCIA RENTA VARIABLE INTERNACIONAL FI B;ES0112186012;07/10/2022;17,824985;EUR
SANTALUCIA RENTA VARIABLE INTERNACIONAL FI B;ES0112186012;11/10/2022;17,567330;EUR
SANTALUCIA RENTA VARIABLE INTERNACIONAL FI B;ES0112186012;13/10/2022;17,769905;EUR
SANTALUCIA RENTA VARIABLE INTERNACIONAL FI B;ES0112186012;14/10/2022;17,583134;EUR
SANTALUCIA RENTA VARIABLE INTERNACIONAL FI B;ES0112186012;17/10/2022;17,911325;EUR
SANTALUCIA RENTA VARIABLE INTERNACIONAL FI B;ES0112186012;18/10/2022;18,063842;EUR
SANTALUCIA RENTA VARIABLE INTERNACIONAL FI B;ES0112186012;20/10/2022;17,900379;EUR
SANTALUCIA RENTA VARIABLE INTERNACIONAL FI B;ES0112186012;21/10/2022;18,092724;EUR
SANTALUCIA RENTA VARIABLE INTERNACIONAL FI B;ES0112186012;24/10/2022;18,279834;EUR
SANTALUCIA RENTA VARIABLE INTERNACIONAL FI B;ES0112186012;25/10/2022;18,544911;EUR
SANTALUCIA RENTA VARIABLE INTERNACIONAL FI B;ES0112186012;26/10/2022;18,518799;EUR
SANTALUCIA RENTA VARIABLE INTERNACIONAL FI B;ES0112186012;27/10/2022;18,427743;EUR
SANTALUCIA RENTA VARIABLE INTERNACIONAL FI B;ES0112186012;28/10/2022;18,683515;EUR
SANTALUCIA RENTA VARIABLE INTERNACIONAL FI B;ES0112186012;31/10/2022;18,639005;EUR
SANTALUCIA RENTA VARIABLE INTERNACIONAL FI B;ES0112186012;01/11/2022;18,628890;EUR
SANTALUCIA RENTA VARIABLE INTERNACIONAL FI B;ES0112186012;02/11/2022;18,327521;EUR
SANTALUCIA RENTA VARIABLE INTERNACIONAL FI B;ES0112186012;03/11/2022;18,127938;EUR
SANTALUCIA RENTA VARIABLE INTERNACIONAL FI B;ES0112186012;04/11/2022;18,322486;EUR
SANTALUCIA RENTA VARIABLE INTERNACIONAL FI B;ES0112186012;07/11/2022;18,467651;EUR
SANTALUCIA RENTA VARIABLE INTERNACIONAL FI B;ES0112186012;08/11/2022;18,604178;EUR
SANTALUCIA RENTA VARIABLE INTERNACIONAL FI B;ES0112186012;09/11/2022;18,346417;EUR
SANTALUCIA RENTA VARIABLE INTERNACIONAL FI B;ES0112186012;10/11/2022;19,064861;EUR
SANTALUCIA RENTA VARIABLE INTERNACIONAL FI B;ES0112186012;14/11/2022;19,146976;EUR
SANTALUCIA RENTA VARIABLE INTERNACIONAL FI B;ES0112186012;15/11/2022;19,273414;EUR
SANTALUCIA RENTA VARIABLE INTERNACIONAL FI B;ES0112186012;16/11/2022;19,122830;EUR
SANTALUCIA RENTA VARIABLE INTERNACIONAL FI B;ES0112186012;17/11/2022;19,045948;EUR
SANTALUCIA RENTA VARIABLE INTERNACIONAL FI B;ES0112186012;18/11/2022;19,142955;EUR
SANTALUCIA RENTA VARIABLE INTERNACIONAL FI B;ES0112186012;21/11/2022;19,094645;EUR
SANTALUCIA RENTA VARIABLE INTERNACIONAL FI B;ES0112186012;22/11/2022;19,281360;EUR
SANTALUCIA RENTA VARIABLE INTERNACIONAL FI B;ES0112186012;23/11/2022;19,383072;EUR
SANTALUCIA RENTA VARIABLE INTERNACIONAL FI B;ES0112186012;25/11/2022;19,415372;EUR
SANTALUCIA RENTA VARIABLE INTERNACIONAL FI B;ES0112186012;28/11/2022;19,196542;EUR
SANTALUCIA RENTA VARIABLE INTERNACIONAL FI B;ES0112186012;29/11/2022;19,153414;EUR
SANTALUCIA RENTA VARIABLE INTERNACIONAL FI B;ES0112186012;30/11/2022;19,522690;EUR
SANTALUCIA RENTA VARIABLE INTERNACIONAL FI B;ES0112186012;01/12/2022;19,598558;EUR
SANTALUCIA RENTA VARIABLE INTERNACIONAL FI B;ES0112186012;02/12/2022;19,549644;EUR
SANTALUCIA RENTA VARIABLE INTERNACIONAL FI B;ES0112186012;05/12/2022;19,307429;EUR
SANTALUCIA RENTA VARIABLE INTERNACIONAL FI B;ES0112186012;07/12/2022;19,037109;EUR
SANTALUCIA RENTA VARIABLE INTERNACIONAL FI B;ES0112186012;09/12/2022;19,091991;EUR
SANTALUCIA RENTA VARIABLE INTERNACIONAL FI B;ES0112186012;12/12/2022;19,214123;EUR
SANTALUCIA RENTA VARIABLE INTERNACIONAL FI B;ES0112186012;13/12/2022;19,387893;EUR
SANTALUCIA RENTA VARIABLE INTERNACIONAL FI B;ES0112186012;14/12/2022;19,322327;EUR
SANTALUCIA RENTA VARIABLE INTERNACIONAL FI B;ES0112186012;15/12/2022;18,876079;EUR
SANTALUCIA RENTA VARIABLE INTERNACIONAL FI B;ES0112186012;16/12/2022;18,673060;EUR
SANTALUCIA RENTA VARIABLE INTERNACIONAL FI B;ES0112186012;19/12/2022;18,562835;EUR
SANTALUCIA RENTA VARIABLE INTERNACIONAL FI B;ES0112186012;20/12/2022;18,521969;EUR
SANTALUCIA RENTA VARIABLE INTERNACIONAL FI B;ES0112186012;21/12/2022;18,760691;EUR
SANTALUCIA RENTA VARIABLE INTERNACIONAL FI B;ES0112186012;22/12/2022;18,566524;EUR
SANTALUCIA RENTA VARIABLE INTERNACIONAL FI B;ES0112186012;28/12/2022;18,442223;EUR
SANTALUCIA RENTA VARIABLE INTERNACIONAL FI B;ES0112186012;29/12/2022;18,649949;EUR
SANTALUCIA RENTA VARIABLE INTERNACIONAL FI B;ES0112186012;31/12/2022;18,579858;EUR
SANTALUCIA RENTA VARIABLE INTERNACIONAL FI B;ES0112186012;03/01/2023;18,599068;EUR
SANTALUCIA RENTA VARIABLE INTERNACIONAL FI B;ES0112186012;04/01/2023;18,756286;EUR
SANTALUCIA RENTA VARIABLE INTERNACIONAL FI B;ES0112186012;05/01/2023;18,601584;EUR
SANTALUCIA RENTA VARIABLE INTERNACIONAL FI B;ES0112186012;09/01/2023;18,985071;EUR
SANTALUCIA RENTA VARIABLE INTERNACIONAL FI B;ES0112186012;10/01/2023;19,011239;EUR
SANTALUCIA RENTA VARIABLE INTERNACIONAL FI B;ES0112186012;11/01/2023;19,207294;EUR
SANTALUCIA RENTA VARIABLE INTERNACIONAL FI B;ES0112186012;12/01/2023;19,291569;EUR
SANTALUCIA RENTA VARIABLE INTERNACIONAL FI B;ES0112186012;13/01/2023;19,361637;EUR
SANTALUCIA RENTA VARIABLE INTERNACIONAL FI B;ES0112186012;16/01/2023;19,383271;EUR
SANTALUCIA RENTA VARIABLE INTERNACIONAL FI B;ES0112186012;17/01/2023;19,377579;EUR
SANTALUCIA RENTA VARIABLE INTERNACIONAL FI B;ES0112186012;18/01/2023;19,211967;EUR
SANTALUCIA RENTA VARIABLE INTERNACIONAL FI B;ES0112186012;19/01/2023;19,029672;EUR
SANTALUCIA RENTA VARIABLE INTERNACIONAL FI B;ES0112186012;20/01/2023;19,269661;EUR
SANTALUCIA RENTA VARIABLE INTERNACIONAL FI B;ES0112186012;23/01/2023;19,476311;EUR
SANTALUCIA RENTA VARIABLE INTERNACIONAL FI B;ES0112186012;24/01/2023;19,463690;EUR
SANTALUCIA RENTA VARIABLE INTERNACIONAL FI B;ES0112186012;25/01/2023;19,436017;EUR
SANTALUCIA RENTA VARIABLE INTERNACIONAL FI B;ES0112186012;26/01/2023;19,600125;EUR
SANTALUCIA RENTA VARIABLE INTERNACIONAL FI B;ES0112186012;27/01/2023;19,657393;EUR
SANTALUCIA RENTA VARIABLE INTERNACIONAL FI B;ES0112186012;30/01/2023;19,481326;EUR
SANTALUCIA RENTA VARIABLE INTERNACIONAL FI B;ES0112186012;31/01/2023;19,612128;EUR
SANTALUCIA RENTA VARIABLE INTERNACIONAL FI B;ES0112186012;01/02/2023;19,745394;EUR
SANTALUCIA RENTA VARIABLE INTERNACIONAL FI B;ES0112186012;02/02/2023;20,002771;EUR
SANTALUCIA RENTA VARIABLE INTERNACIONAL FI B;ES0112186012;03/02/2023;19,926334;EUR
SANTALUCIA RENTA VARIABLE INTERNACIONAL FI B;ES0112186012;06/02/2023;19,804779;EUR
SANTALUCIA RENTA VARIABLE INTERNACIONAL FI B;ES0112186012;07/02/2023;19,908566;EUR
SANTALUCIA RENTA VARIABLE INTERNACIONAL FI B;ES0112186012;08/02/2023;19,803090;EUR
SANTALUCIA RENTA VARIABLE INTERNACIONAL FI B;ES0112186012;09/02/2023;19,732220;EUR
SANTALUCIA RENTA VARIABLE INTERNACIONAL FI B;ES0112186012;10/02/2023;19,658705;EUR
SANTALUCIA RENTA VARIABLE INTERNACIONAL FI B;ES0112186012;13/02/2023;19,828882;EUR
SANTALUCIA RENTA VARIABLE INTERNACIONAL FI B;ES0112186012;14/02/2023;19,856211;EUR
SANTALUCIA RENTA VARIABLE INTERNACIONAL FI B;ES0112186012;15/02/2023;19,893626;EUR
SANTALUCIA RENTA VARIABLE INTERNACIONAL FI B;ES0112186012;16/02/2023;19,782620;EUR
SANTALUCIA RENTA VARIABLE INTERNACIONAL FI B;ES0112186012;17/02/2023;19,692223;EUR
SANTALUCIA RENTA VARIABLE INTERNACIONAL FI B;ES0112186012;21/02/2023;19,435656;EUR
SANTALUCIA RENTA VARIABLE INTERNACIONAL FI B;ES0112186012;22/02/2023;19,378517;EUR
SANTALUCIA RENTA VARIABLE INTERNACIONAL FI B;ES0112186012;23/02/2023;19,432289;EUR
SANTALUCIA RENTA VARIABLE INTERNACIONAL FI B;ES0112186012;24/02/2023;19,252420;EUR
SANTALUCIA RENTA VARIABLE INTERNACIONAL FI B;ES0112186012;27/02/2023;19,331251;EUR
SANTALUCIA RENTA VARIABLE INTERNACIONAL FI B;ES0112186012;28/02/2023;19,273274;EUR
SANTALUCIA RENTA VARIABLE INTERNACIONAL FI B;ES0112186012;01/03/2023;19,229792;EUR
SANTALUCIA RENTA VARIABLE INTERNACIONAL FI B;ES0112186012;02/03/2023;19,277546;EUR
SANTALUCIA RENTA VARIABLE INTERNACIONAL FI B;ES0112186012;03/03/2023;19,542315;EUR
SANTALUCIA RENTA VARIABLE INTERNACIONAL FI B;ES0112186012;06/03/2023;19,580634;EUR
SANTALUCIA RENTA VARIABLE INTERNACIONAL FI B;ES0112186012;07/03/2023;19,349643;EUR
SANTALUCIA RENTA VARIABLE INTERNACIONAL FI B;ES0112186012;08/03/2023;19,351279;EUR
SANTALUCIA RENTA VARIABLE INTERNACIONAL FI B;ES0112186012;09/03/2023;19,162823;EUR
SANTALUCIA RENTA VARIABLE INTERNACIONAL FI B;ES0112186012;10/03/2023;18,894907;EUR
SANTALUCIA RENTA VARIABLE INTERNACIONAL FI B;ES0112186012;13/03/2023;18,768595;EUR
SANTALUCIA RENTA VARIABLE INTERNACIONAL FI B;ES0112186012;14/03/2023;18,976213;EUR
SANTALUCIA RENTA VARIABLE INTERNACIONAL FI B;ES0112186012;15/03/2023;18,751236;EUR
SANTALUCIA RENTA VARIABLE INTERNACIONAL FI B;ES0112186012;16/03/2023;19,005891;EUR
SANTALUCIA RENTA VARIABLE INTERNACIONAL FI B;ES0112186012;17/03/2023;18,885875;EUR
SANTALUCIA RENTA VARIABLE INTERNACIONAL FI B;ES0112186012;20/03/2023;18,984772;EUR
SANTALUCIA RENTA VARIABLE INTERNACIONAL FI B;ES0112186012;21/03/2023;19,196945;EUR
SANTALUCIA RENTA VARIABLE INTERNACIONAL FI B;ES0112186012;22/03/2023;19,095656;EUR
SANTALUCIA RENTA VARIABLE INTERNACIONAL FI B;ES0112186012;23/03/2023;19,101019;EUR
SANTALUCIA RENTA VARIABLE INTERNACIONAL FI B;ES0112186012;24/03/2023;19,059697;EUR
SANTALUCIA RENTA VARIABLE INTERNACIONAL FI B;ES0112186012;27/03/2023;19,144253;EUR
SANTALUCIA RENTA VARIABLE INTERNACIONAL FI B;ES0112186012;28/03/2023;19,141137;EUR
SANTALUCIA RENTA VARIABLE INTERNACIONAL FI B;ES0112186012;29/03/2023;19,354761;EUR
SANTALUCIA RENTA VARIABLE INTERNACIONAL FI B;ES0112186012;30/03/2023;19,495954;EUR
SANTALUCIA RENTA VARIABLE INTERNACIONAL FI B;ES0112186012;31/03/2023;19,680938;EUR
SANTALUCIA RENTA VARIABLE INTERNACIONAL FI B;ES0112186012;03/04/2023;19,741199;EUR
SANTALUCIA RENTA VARIABLE INTERNACIONAL FI B;ES0112186012;04/04/2023;19,688237;EUR
SANTALUCIA RENTA VARIABLE INTERNACIONAL FI B;ES0112186012;05/04/2023;19,605932;EUR
SANTALUCIA RENTA VARIABLE INTERNACIONAL FI B;ES0112186012;06/04/2023;19,663062;EUR
SANTALUCIA RENTA VARIABLE INTERNACIONAL FI B;ES0112186012;11/04/2023;19,722994;EUR
SANTALUCIA RENTA VARIABLE INTERNACIONAL FI B;ES0112186012;12/04/2023;19,711775;EUR
SANTALUCIA RENTA VARIABLE INTERNACIONAL FI B;ES0112186012;13/04/2023;19,871956;EUR
SANTALUCIA RENTA VARIABLE INTERNACIONAL FI B;ES0112186012;14/04/2023;19,866167;EUR
SANTALUCIA RENTA VARIABLE INTERNACIONAL FI B;ES0112186012;17/04/2023;19,897321;EUR
SANTALUCIA RENTA VARIABLE INTERNACIONAL FI B;ES0112186012;18/04/2023;19,949883;EUR
SANTALUCIA RENTA VARIABLE INTERNACIONAL FI B;ES0112186012;19/04/2023;19,907959;EUR
SANTALUCIA RENTA VARIABLE INTERNACIONAL FI B;ES0112186012;20/04/2023;19,844185;EUR
SANTALUCIA RENTA VARIABLE INTERNACIONAL FI B;ES0112186012;21/04/2023;19,867800;EUR
SANTALUCIA RENTA VARIABLE INTERNACIONAL FI B;ES0112186012;24/04/2023;19,888290;EUR
SANTALUCIA RENTA VARIABLE INTERNACIONAL FI B;ES0112186012;25/04/2023;19,681278;EUR
SANTALUCIA RENTA VARIABLE INTERNACIONAL FI B;ES0112186012;26/04/2023;19,582831;EUR
SANTALUCIA RENTA VARIABLE INTERNACIONAL FI B;ES0112186012;27/04/2023;19,773036;EUR
SANTALUCIA RENTA VARIABLE INTERNACIONAL FI B;ES0112186012;28/04/2023;19,921235;EUR
SANTALUCIA RENTA VARIABLE INTERNACIONAL FI B;ES0112186012;02/05/2023;19,775817;EUR
SANTALUCIA RENTA VARIABLE INTERNACIONAL FI B;ES0112186012;03/05/2023;19,728267;EUR
SANTALUCIA RENTA VARIABLE INTERNACIONAL FI B;ES0112186012;04/05/2023;19,602100;EUR
SANTALUCIA RENTA VARIABLE INTERNACIONAL FI B;ES0112186012;05/05/2023;19,844792;EUR
SANTALUCIA RENTA VARIABLE INTERNACIONAL FI B;ES0112186012;09/05/2023;19,796267;EUR
SANTALUCIA RENTA VARIABLE INTERNACIONAL FI B;ES0112186012;10/05/2023;19,819262;EUR
SANTALUCIA RENTA VARIABLE INTERNACIONAL FI B;ES0112186012;11/05/2023;19,796695;EUR
SANTALUCIA RENTA VARIABLE INTERNACIONAL FI B;ES0112186012;12/05/2023;19,781076;EUR
SANTALUCIA RENTA VARIABLE INTERNACIONAL FI B;ES0112186012;15/05/2023;19,851839;EUR
SANTALUCIA RENTA VARIABLE INTERNACIONAL FI B;ES0112186012;16/05/2023;19,759845;EUR
SANTALUCIA RENTA VARIABLE INTERNACIONAL FI B;ES0112186012;17/05/2023;19,850608;EUR
SANTALUCIA RENTA VARIABLE INTERNACIONAL FI B;ES0112186012;19/05/2023;20,027562;EUR
SANTALUCIA RENTA VARIABLE INTERNACIONAL FI B;ES0112186012;22/05/2023;20,042761;EUR
SANTALUCIA RENTA VARIABLE INTERNACIONAL FI B;ES0112186012;23/05/2023;19,854207;EUR
SANTALUCIA RENTA VARIABLE INTERNACIONAL FI B;ES0112186012;24/05/2023;19,639750;EUR
SANTALUCIA RENTA VARIABLE INTERNACIONAL FI B;ES0112186012;25/05/2023;19,686302;EUR
SANTALUCIA RENTA VARIABLE INTERNACIONAL FI B;ES0112186012;26/05/2023;19,929694;EUR
SANTALUCIA RENTA VARIABLE INTERNACIONAL FI B;ES0112186012;30/05/2023;19,878475;EUR
SANTALUCIA RENTA VARIABLE INTERNACIONAL FI B;ES0112186012;31/05/2023;19,723204;EUR
SANTALUCIA RENTA VARIABLE INTERNACIONAL FI B;ES0112186012;01/06/2023;19,900188;EUR
SANTALUCIA RENTA VARIABLE INTERNACIONAL FI B;ES0112186012;02/06/2023;20,149554;EUR
SANTALUCIA RENTA VARIABLE INTERNACIONAL FI B;ES0112186012;06/06/2023;20,195482;EUR
SANTALUCIA RENTA VARIABLE INTERNACIONAL FI B;ES0112186012;07/06/2023;20,123080;EUR
SANTALUCIA RENTA VARIABLE INTERNACIONAL FI B;ES0112186012;08/06/2023;20,185241;EUR
SANTALUCIA RENTA VARIABLE INTERNACIONAL FI B;ES0112186012;09/06/2023;20,203911;EUR
SANTALUCIA RENTA VARIABLE INTERNACIONAL FI B;ES0112186012;12/06/2023;20,334838;EUR
SANTALUCIA RENTA VARIABLE INTERNACIONAL FI B;ES0112186012;13/06/2023;20,475629;EUR
SANTALUCIA RENTA VARIABLE INTERNACIONAL FI B;ES0112186012;14/06/2023;20,528752;EUR
SANTALUCIA RENTA VARIABLE INTERNACIONAL FI B;ES0112186012;15/06/2023;20,680108;EUR
SANTALUCIA RENTA VARIABLE INTERNACIONAL FI B;ES0112186012;16/06/2023;20,692358;EUR
SANTALUCIA RENTA VARIABLE INTERNACIONAL FI B;ES0112186012;19/06/2023;20,635242;EUR
SANTALUCIA RENTA VARIABLE INTERNACIONAL FI B;ES0112186012;20/06/2023;20,515270;EUR
SANTALUCIA RENTA VARIABLE INTERNACIONAL FI B;ES0112186012;21/06/2023;20,451141;EUR
SANTALUCIA RENTA VARIABLE INTERNACIONAL FI B;ES0112186012;22/06/2023;20,431326;EUR
SANTALUCIA RENTA VARIABLE INTERNACIONAL FI B;ES0112186012;23/06/2023;20,301387;EUR
SANTALUCIA RENTA VARIABLE INTERNACIONAL FI B;ES0112186012;26/06/2023;20,242655;EUR
SANTALUCIA RENTA VARIABLE INTERNACIONAL FI B;ES0112186012;27/06/2023;20,390256;EUR
SANTALUCIA RENTA VARIABLE INTERNACIONAL FI B;ES0112186012;28/06/2023;20,434601;EUR
SANTALUCIA RENTA VARIABLE INTERNACIONAL FI B;ES0112186012;29/06/2023;20,466882;EUR
SANTALUCIA RENTA VARIABLE INTERNACIONAL FI B;ES0112186012;30/06/2023;20,685138;EUR
SANTALUCIA RENTA VARIABLE INTERNACIONAL FI B;ES0112186012;03/07/2023;20,708951;EUR
SANTALUCIA RENTA VARIABLE INTERNACIONAL FI B;ES0112186012;05/07/2023;20,628613;EUR
SANTALUCIA RENTA VARIABLE INTERNACIONAL FI B;ES0112186012;06/07/2023;20,409970;EUR
SANTALUCIA RENTA VARIABLE INTERNACIONAL FI B;ES0112186012;07/07/2023;20,374295;EUR
SANTALUCIA RENTA VARIABLE INTERNACIONAL FI B;ES0112186012;10/07/2023;20,410428;EUR
SANTALUCIA RENTA VARIABLE INTERNACIONAL FI B;ES0112186012;11/07/2023;20,523923;EUR
SANTALUCIA RENTA VARIABLE INTERNACIONAL FI B;ES0112186012;12/07/2023;20,723006;EUR
SANTALUCIA RENTA VARIABLE INTERNACIONAL FI B;ES0112186012;13/07/2023;20,885053;EUR
SANTALUCIA RENTA VARIABLE INTERNACIONAL FI B;ES0112186012;14/07/2023;20,880528;EUR
SANTALUCIA RENTA VARIABLE INTERNACIONAL FI B;ES0112186012;17/07/2023;20,894409;EUR
SANTALUCIA RENTA VARIABLE INTERNACIONAL FI B;ES0112186012;18/07/2023;20,993208;EUR
SANTALUCIA RENTA VARIABLE INTERNACIONAL FI B;ES0112186012;19/07/2023;21,049257;EUR
SANTALUCIA RENTA VARIABLE INTERNACIONAL FI B;ES0112186012;20/07/2023;20,963163;EUR
SANTALUCIA RENTA VARIABLE INTERNACIONAL FI B;ES0112186012;21/07/2023;20,986133;EUR
SANTALUCIA RENTA VARIABLE INTERNACIONAL FI B;ES0112186012;24/07/2023;21,026253;EUR
SANTALUCIA RENTA VARIABLE INTERNACIONAL FI B;ES0112186012;25/07/2023;21,081033;EUR
SANTALUCIA RENTA VARIABLE INTERNACIONAL FI B;ES0112186012;26/07/2023;21,078836;EUR
SANTALUCIA RENTA VARIABLE INTERNACIONAL FI B;ES0112186012;27/07/2023;21,042685;EUR
SANTALUCIA RENTA VARIABLE INTERNACIONAL FI B;ES0112186012;28/07/2023;21,155186;EUR
SANTALUCIA RENTA VARIABLE INTERNACIONAL FI B;ES0112186012;31/07/2023;21,177499;EUR
SANTALUCIA RENTA VARIABLE INTERNACIONAL FI B;ES0112186012;02/08/2023;20,845968;EUR
SANTALUCIA RENTA VARIABLE INTERNACIONAL FI B;ES0112186012;03/08/2023;20,747914;EUR
SANTALUCIA RENTA VARIABLE INTERNACIONAL FI B;ES0112186012;04/08/2023;20,738905;EUR
SANTALUCIA RENTA VARIABLE INTERNACIONAL FI B;ES0112186012;08/08/2023;20,723516;EUR
SANTALUCIA RENTA VARIABLE INTERNACIONAL FI B;ES0112186012;09/08/2023;20,684895;EUR
SANTALUCIA RENTA VARIABLE INTERNACIONAL FI B;ES0112186012;10/08/2023;20,742477;EUR
SANTALUCIA RENTA VARIABLE INTERNACIONAL FI B;ES0112186012;11/08/2023;20,640333;EUR
SANTALUCIA RENTA VARIABLE INTERNACIONAL FI B;ES0112186012;14/08/2023;20,679521;EUR
SANTALUCIA RENTA VARIABLE INTERNACIONAL FI B;ES0112186012;16/08/2023;20,395208;EUR
SANTALUCIA RENTA VARIABLE INTERNACIONAL FI B;ES0112186012;17/08/2023;20,243208;EUR
SANTALUCIA RENTA VARIABLE INTERNACIONAL FI B;ES0112186012;18/08/2023;20,193365;EUR
SANTALUCIA RENTA VARIABLE INTERNACIONAL FI B;ES0112186012;21/08/2023;20,244245;EUR
SANTALUCIA RENTA VARIABLE INTERNACIONAL FI B;ES0112186012;22/08/2023;20,241962;EUR
SANTALUCIA RENTA VARIABLE INTERNACIONAL FI B;ES0112186012;23/08/2023;20,403966;EUR
SANTALUCIA RENTA VARIABLE INTERNACIONAL FI B;ES0112186012;24/08/2023;20,257276;EUR
SANTALUCIA RENTA VARIABLE INTERNACIONAL FI B;ES0112186012;25/08/2023;20,298472;EUR
SANTALUCIA RENTA VARIABLE INTERNACIONAL FI B;ES0112186012;29/08/2023;20,674625;EUR
SANTALUCIA RENTA VARIABLE INTERNACIONAL FI B;ES0112186012;30/08/2023;20,732577;EUR
SANTALUCIA RENTA VARIABLE INTERNACIONAL FI B;ES0112186012;31/08/2023;20,700260;EUR
SANTALUCIA RENTA VARIABLE INTERNACIONAL FI B;ES0112186012;01/09/2023;20,718554;EUR
SANTALUCIA RENTA VARIABLE INTERNACIONAL FI B;ES0112186012;05/09/2023;20,659106;EUR
SANTALUCIA RENTA VARIABLE INTERNACIONAL FI B;ES0112186012;06/09/2023;20,550152;EUR
SANTALUCIA RENTA VARIABLE INTERNACIONAL FI B;ES0112186012;07/09/2023;20,483436;EUR
SANTALUCIA RENTA VARIABLE INTERNACIONAL FI B;ES0112186012;08/09/2023;20,488949;EUR
SANTALUCIA RENTA VARIABLE INTERNACIONAL FI B;ES0112186012;11/09/2023;20,592554;EUR
SANTALUCIA RENTA VARIABLE INTERNACIONAL FI B;ES0112186012;12/09/2023;20,524216;EUR
SANTALUCIA RENTA VARIABLE INTERNACIONAL FI B;ES0112186012;13/09/2023;20,507756;EUR
SANTALUCIA RENTA VARIABLE INTERNACIONAL FI B;ES0112186012;14/09/2023;20,656043;EUR
SANTALUCIA RENTA VARIABLE INTERNACIONAL FI B;ES0112186012;15/09/2023;20,571828;EUR
SANTALUCIA RENTA VARIABLE INTERNACIONAL FI B;ES0112186012;18/09/2023;20,499931;EUR
SANTALUCIA RENTA VARIABLE INTERNACIONAL FI B;ES0112186012;19/09/2023;20,448449;EUR
SANTALUCIA RENTA VARIABLE INTERNACIONAL FI B;ES0112186012;20/09/2023;20,405419;EUR
SANTALUCIA RENTA VARIABLE INTERNACIONAL FI B;ES0112186012;21/09/2023;20,090216;EUR
SANTALUCIA RENTA VARIABLE INTERNACIONAL FI B;ES0112186012;22/09/2023;20,066367;EUR
SANTALUCIA RENTA VARIABLE INTERNACIONAL FI B;ES0112186012;25/09/2023;20,033379;EUR
SANTALUCIA RENTA VARIABLE INTERNACIONAL FI B;ES0112186012;26/09/2023;19,823097;EUR
SANTALUCIA RENTA VARIABLE INTERNACIONAL FI B;ES0112186012;27/09/2023;19,796705;EUR
SANTALUCIA RENTA VARIABLE INTERNACIONAL FI B;ES0112186012;28/09/2023;19,863046;EUR
SANTALUCIA RENTA VARIABLE INTERNACIONAL FI B;ES0112186012;29/09/2023;19,894544;EUR
SANTALUCIA RENTA VARIABLE INTERNACIONAL FI B;ES0112186012;02/10/2023;19,801853;EUR
SANTALUCIA RENTA VARIABLE INTERNACIONAL FI B;ES0112186012;03/10/2023;19,579545;EUR
SANTALUCIA RENTA VARIABLE INTERNACIONAL FI B;ES0112186012;04/10/2023;19,608774;EUR
SANTALUCIA RENTA VARIABLE INTERNACIONAL FI B;ES0112186012;05/10/2023;19,638834;EUR
SANTALUCIA RENTA VARIABLE INTERNACIONAL FI B;ES0112186012;06/10/2023;19,815931;EUR
SANTALUCIA RENTA VARIABLE INTERNACIONAL FI B;ES0112186012;10/10/2023;20,069169;EUR
SANTALUCIA RENTA VARIABLE INTERNACIONAL FI B;ES0112186012;11/10/2023;20,114181;EUR
SANTALUCIA RENTA VARIABLE INTERNACIONAL FI B;ES0112186012;13/10/2023;19,927767;EUR
SANTALUCIA RENTA VARIABLE INTERNACIONAL FI B;ES0112186012;16/10/2023;20,043162;EUR
SANTALUCIA RENTA VARIABLE INTERNACIONAL FI B;ES0112186012;17/10/2023;20,049430;EUR
SANTALUCIA RENTA VARIABLE INTERNACIONAL FI B;ES0112186012;18/10/2023;19,850315;EUR
SANTALUCIA RENTA VARIABLE INTERNACIONAL FI B;ES0112186012;19/10/2023;19,665017;EUR
SANTALUCIA RENTA VARIABLE INTERNACIONAL FI B;ES0112186012;20/10/2023;19,446109;EUR
SANTALUCIA RENTA VARIABLE INTERNACIONAL FI B;ES0112186012;23/10/2023;19,398906;EUR
SANTALUCIA RENTA VARIABLE INTERNACIONAL FI B;ES0112186012;24/10/2023;19,494213;EUR
SANTALUCIA RENTA VARIABLE INTERNACIONAL FI B;ES0112186012;25/10/2023;19,347477;EUR
SANTALUCIA RENTA VARIABLE INTERNACIONAL FI B;ES0112186012;26/10/2023;19,173792;EUR
SANTALUCIA RENTA VARIABLE INTERNACIONAL FI B;ES0112186012;27/10/2023;19,081725;EUR
SANTALUCIA RENTA VARIABLE INTERNACIONAL FI B;ES0112186012;31/10/2023;19,303748;EUR
SANTALUCIA RENTA VARIABLE INTERNACIONAL FI B;ES0112186012;02/11/2023;19,778463;EUR
SANTALUCIA RENTA VARIABLE INTERNACIONAL FI B;ES0112186012;03/11/2023;19,977905;EUR
SANTALUCIA RENTA VARIABLE INTERNACIONAL FI B;ES0112186012;06/11/2023;19,994468;EUR
SANTALUCIA RENTA VARIABLE INTERNACIONAL FI B;ES0112186012;07/11/2023;20,010154;EUR
SANTALUCIA RENTA VARIABLE INTERNACIONAL FI B;ES0112186012;08/11/2023;20,023416;EUR
SANTALUCIA RENTA VARIABLE INTERNACIONAL FI B;ES0112186012;09/11/2023;19,967882;EUR
SANTALUCIA RENTA VARIABLE INTERNACIONAL FI B;ES0112186012;10/11/2023;20,048621;EUR
SANTALUCIA RENTA VARIABLE INTERNACIONAL FI B;ES0112186012;13/11/2023;20,098529;EUR
SANTALUCIA RENTA VARIABLE INTERNACIONAL FI B;ES0112186012;14/11/2023;20,435308;EUR
SANTALUCIA RENTA VARIABLE INTERNACIONAL FI B;ES0112186012;15/11/2023;20,505305;EUR
SANTALUCIA RENTA VARIABLE INTERNACIONAL FI B;ES0112186012;16/11/2023;20,464109;EUR
SANTALUCIA RENTA VARIABLE INTERNACIONAL FI B;ES0112186012;17/11/2023;20,529437;EUR
SANTALUCIA RENTA VARIABLE INTERNACIONAL FI B;ES0112186012;19/11/2023;20,528142;EUR
SANTALUCIA RENTA VARIABLE INTERNACIONAL FI B;ES0112186012;20/11/2023;20,625900;EUR
SANTALUCIA RENTA VARIABLE INTERNACIONAL FI B;ES0112186012;21/11/2023;20,600291;EUR
SANTALUCIA RENTA VARIABLE INTERNACIONAL FI B;ES0112186012;22/11/2023;20,680450;EUR
SANTALUCIA RENTA VARIABLE INTERNACIONAL FI B;ES0112186012;24/11/2023;20,717523;EUR
SANTALUCIA RENTA VARIABLE INTERNACIONAL FI B;ES0112186012;27/11/2023;20,671017;EUR
SANTALUCIA RENTA VARIABLE INTERNACIONAL FI B;ES0112186012;28/11/2023;20,655606;EUR
SANTALUCIA RENTA VARIABLE INTERNACIONAL FI B;ES0112186012;29/11/2023;20,676294;EUR
SANTALUCIA RENTA VARIABLE INTERNACIONAL FI B;ES0112186012;30/11/2023;20,718607;EUR
SANTALUCIA RENTA VARIABLE INTERNACIONAL FI B;ES0112186012;01/12/2023;20,843296;EUR
SANTALUCIA RENTA VARIABLE INTERNACIONAL FI B;ES0112186012;04/12/2023;20,782342;EUR
SANTALUCIA RENTA VARIABLE INTERNACIONAL FI B;ES0112186012;05/12/2023;20,737526;EUR
SANTALUCIA RENTA VARIABLE INTERNACIONAL FI B;ES0112186012;07/12/2023;20,794985;EUR
SANTALUCIA RENTA VARIABLE INTERNACIONAL FI B;ES0112186012;11/12/2023;20,966471;EUR
SANTALUCIA RENTA VARIABLE INTERNACIONAL FI B;ES0112186012;12/12/2023;21,021524;EUR
SANTALUCIA RENTA VARIABLE INTERNACIONAL FI B;ES0112186012;13/12/2023;21,213153;EUR
SANTALUCIA RENTA VARIABLE INTERNACIONAL FI B;ES0112186012;14/12/2023;21,326108;EUR
SANTALUCIA RENTA VARIABLE INTERNACIONAL FI B;ES0112186012;15/12/2023;21,316187;EUR
SANTALUCIA RENTA VARIABLE INTERNACIONAL FI B;ES0112186012;18/12/2023;21,341565;EUR
SANTALUCIA RENTA VARIABLE INTERNACIONAL FI B;ES0112186012;19/12/2023;21,442894;EUR
SANTALUCIA RENTA VARIABLE INTERNACIONAL FI B;ES0112186012;20/12/2023;21,314029;EUR
SANTALUCIA RENTA VARIABLE INTERNACIONAL FI B;ES0112186012;21/12/2023;21,384641;EUR
SANTALUCIA RENTA VARIABLE INTERNACIONAL FI B;ES0112186012;28/12/2023;21,548060;EUR
SANTALUCIA RENTA VARIABLE INTERNACIONAL FI B;ES0112186012;03/01/2024;21,264549;EUR
SANTALUCIA RENTA VARIABLE INTERNACIONAL FI B;ES0112186012;04/01/2024;21,251900;EUR
SANTALUCIA RENTA VARIABLE INTERNACIONAL FI B;ES0112186012;05/01/2024;21,224889;EUR
SANTALUCIA RENTA VARIABLE INTERNACIONAL FI B;ES0112186012;08/01/2024;21,381050;EUR
SANTALUCIA RENTA VARIABLE INTERNACIONAL FI B;ES0112186012;09/01/2024;21,387314;EUR
SANTALUCIA RENTA VARIABLE INTERNACIONAL FI B;ES0112186012;10/01/2024;21,456585;EUR
SANTALUCIA RENTA VARIABLE INTERNACIONAL FI B;ES0112186012;11/01/2024;21,453444;EUR
SANTALUCIA RENTA VARIABLE INTERNACIONAL FI B;ES0112186012;12/01/2024;21,501220;EUR
SANTALUCIA RENTA VARIABLE INTERNACIONAL FI B;ES0112186012;16/01/2024;21,385946;EUR
SANTALUCIA RENTA VARIABLE INTERNACIONAL FI B;ES0112186012;17/01/2024;21,233398;EUR
SANTALUCIA RENTA VARIABLE INTERNACIONAL FI B;ES0112186012;18/01/2024;21,360627;EUR
SANTALUCIA RENTA VARIABLE INTERNACIONAL FI B;ES0112186012;19/01/2024;21,535898;EUR
SANTALUCIA RENTA VARIABLE INTERNACIONAL FI B;ES0112186012;22/01/2024;21,634167;EUR
SANTALUCIA RENTA VARIABLE INTERNACIONAL FI B;ES0112186012;23/01/2024;21,663186;EUR
SANTALUCIA RENTA VARIABLE INTERNACIONAL FI B;ES0112186012;24/01/2024;21,742486;EUR
SANTALUCIA RENTA VARIABLE INTERNACIONAL FI B;ES0112186012;25/01/2024;21,798489;EUR
SANTALUCIA RENTA VARIABLE INTERNACIONAL FI B;ES0112186012;26/01/2024;21,841973;EUR
SANTALUCIA RENTA VARIABLE INTERNACIONAL FI B;ES0112186012;29/01/2024;21,951921;EUR
SANTALUCIA RENTA VARIABLE INTERNACIONAL FI B;ES0112186012;30/01/2024;21,958904;EUR
SANTALUCIA RENTA VARIABLE INTERNACIONAL FI B;ES0112186012;31/01/2024;21,761850;EUR
SANTALUCIA RENTA VARIABLE INTERNACIONAL FI B;ES0112186012;01/02/2024;21,873535;EUR
SANTALUCIA RENTA VARIABLE INTERNACIONAL FI B;ES0112186012;02/02/2024;21,996553;EUR
SANTALUCIA RENTA VARIABLE INTERNACIONAL FI B;ES0112186012;06/02/2024;22,043701;EUR
SANTALUCIA RENTA VARIABLE INTERNACIONAL FI B;ES0112186012;07/02/2024;22,161941;EUR
SANTALUCIA RENTA VARIABLE INTERNACIONAL FI B;ES0112186012;08/02/2024;22,182535;EUR
SANTALUCIA RENTA VARIABLE INTERNACIONAL FI B;ES0112186012;09/02/2024;22,253671;EUR
SANTALUCIA RENTA VARIABLE INTERNACIONAL FI B;ES0112186012;12/02/2024;22,277546;EUR
SANTALUCIA RENTA VARIABLE INTERNACIONAL FI B;ES0112186012;13/02/2024;22,029103;EUR
SANTALUCIA RENTA VARIABLE INTERNACIONAL FI B;ES0112186012;14/02/2024;22,191160;EUR
SANTALUCIA RENTA VARIABLE INTERNACIONAL FI B;ES0112186012;15/02/2024;22,324297;EUR
SANTALUCIA RENTA VARIABLE INTERNACIONAL FI B;ES0112186012;16/02/2024;22,314361;EUR
SANTALUCIA RENTA VARIABLE INTERNACIONAL FI B;ES0112186012;18/02/2024;22,312982;EUR
SANTALUCIA RENTA VARIABLE INTERNACIONAL FI B;ES0112186012;20/02/2024;22,223986;EUR
SANTALUCIA RENTA VARIABLE INTERNACIONAL FI B;ES0112186012;21/02/2024;22,230173;EUR
SANTALUCIA RENTA VARIABLE INTERNACIONAL FI B;ES0112186012;22/02/2024;22,568627;EUR
SANTALUCIA RENTA VARIABLE INTERNACIONAL FI B;ES0112186012;23/02/2024;22,611592;EUR
SANTALUCIA RENTA VARIABLE INTERNACIONAL FI B;ES0112186012;24/02/2024;22,610890;EUR
SANTALUCIA RENTA VARIABLE INTERNACIONAL FI B;ES0112186012;26/02/2024;22,553184;EUR
SANTALUCIA RENTA VARIABLE INTERNACIONAL FI B;ES0112186012;27/02/2024;22,569579;EUR
SANTALUCIA RENTA VARIABLE INTERNACIONAL FI B;ES0112186012;28/02/2024;22,511096;EUR
SANTALUCIA RENTA VARIABLE INTERNACIONAL FI B;ES0112186012;29/02/2024;22,577876;EUR
SANTALUCIA RENTA VARIABLE INTERNACIONAL FI B;ES0112186012;01/03/2024;22,741377;EUR
SANTALUCIA RENTA VARIABLE INTERNACIONAL FI B;ES0112186012;04/03/2024;22,754337;EUR
SANTALUCIA RENTA VARIABLE INTERNACIONAL FI B;ES0112186012;05/03/2024;22,577660;EUR
SANTALUCIA RENTA VARIABLE INTERNACIONAL FI B;ES0112186012;06/03/2024;22,682918;EUR
SANTALUCIA RENTA VARIABLE INTERNACIONAL FI B;ES0112186012;07/03/2024;22,890532;EUR
SANTALUCIA RENTA VARIABLE INTERNACIONAL FI B;ES0112186012;08/03/2024;22,820552;EUR
SANTALUCIA RENTA VARIABLE INTERNACIONAL FI B;ES0112186012;11/03/2024;22,742242;EUR
SANTALUCIA RENTA VARIABLE INTERNACIONAL FI B;ES0112186012;12/03/2024;22,950316;EUR
SANTALUCIA RENTA VARIABLE INTERNACIONAL FI B;ES0112186012;13/03/2024;22,956509;EUR
SANTALUCIA RENTA VARIABLE INTERNACIONAL FI B;ES0112186012;14/03/2024;22,895924;EUR
SANTALUCIA RENTA VARIABLE INTERNACIONAL FI B;ES0112186012;15/03/2024;22,780757;EUR
SANTALUCIA RENTA VARIABLE INTERNACIONAL FI B;ES0112186012;19/03/2024;22,923486;EUR
SANTALUCIA RENTA VARIABLE INTERNACIONAL FI B;ES0112186012;20/03/2024;23,076874;EUR
SANTALUCIA RENTA VARIABLE INTERNACIONAL FI B;ES0112186012;21/03/2024;23,218050;EUR
SANTALUCIA RENTA VARIABLE INTERNACIONAL FI B;ES0112186012;22/03/2024;23,160049;EUR
SANTALUCIA RENTA VARIABLE INTERNACIONAL FI B;ES0112186012;25/03/2024;23,104234;EUR
SANTALUCIA RENTA VARIABLE INTERNACIONAL FI B;ES0112186012;26/03/2024;23,092604;EUR
SANTALUCIA RENTA VARIABLE INTERNACIONAL FI B;ES0112186012;27/03/2024;23,204946;EUR
SANTALUCIA RENTA VARIABLE INTERNACIONAL FI B;ES0112186012;28/03/2024;23,232335;EUR
SANTALUCIA RENTA VARIABLE INTERNACIONAL FI B;ES0112186012;02/04/2024;23,034874;EUR
SANTALUCIA RENTA VARIABLE INTERNACIONAL FI B;ES0112186012;03/04/2024;23,056318;EUR
SANTALUCIA RENTA VARIABLE INTERNACIONAL FI B;ES0112186012;04/04/2024;22,934092;EUR
SANTALUCIA RENTA VARIABLE INTERNACIONAL FI B;ES0112186012;05/04/2024;22,982635;EUR
SANTALUCIA RENTA VARIABLE INTERNACIONAL FI B;ES0112186012;06/04/2024;22,981939;EUR
SANTALUCIA RENTA VARIABLE INTERNACIONAL FI B;ES0112186012;08/04/2024;23,024953;EUR
SANTALUCIA RENTA VARIABLE INTERNACIONAL FI B;ES0112186012;09/04/2024;23,031897;EUR
SANTALUCIA RENTA VARIABLE INTERNACIONAL FI B;ES0112186012;10/04/2024;22,860676;EUR
SANTALUCIA RENTA VARIABLE INTERNACIONAL FI B;ES0112186012;11/04/2024;22,934589;EUR
SANTALUCIA RENTA VARIABLE INTERNACIONAL FI B;ES0112186012;12/04/2024;22,716248;EUR
SANTALUCIA RENTA VARIABLE INTERNACIONAL FI B;ES0112186012;15/04/2024;22,552942;EUR
SANTALUCIA RENTA VARIABLE INTERNACIONAL FI B;ES0112186012;16/04/2024;22,375529;EUR
SANTALUCIA RENTA VARIABLE INTERNACIONAL FI B;ES0112186012;17/04/2024;22,313653;EUR
SANTALUCIA RENTA VARIABLE INTERNACIONAL FI B;ES0112186012;18/04/2024;22,286788;EUR
SANTALUCIA RENTA VARIABLE INTERNACIONAL FI B;ES0112186012;19/04/2024;22,139027;EUR
SANTALUCIA RENTA VARIABLE INTERNACIONAL FI B;ES0112186012;22/04/2024;22,299664;EUR
SANTALUCIA RENTA VARIABLE INTERNACIONAL FI B;ES0112186012;23/04/2024;22,547698;EUR
SANTALUCIA RENTA VARIABLE INTERNACIONAL FI B;ES0112186012;24/04/2024;22,584605;EUR
SANTALUCIA RENTA VARIABLE INTERNACIONAL FI B;ES0112186012;25/04/2024;22,451866;EUR
SANTALUCIA RENTA VARIABLE INTERNACIONAL FI B;ES0112186012;26/04/2024;22,683489;EUR
SANTALUCIA RENTA VARIABLE INTERNACIONAL FI B;ES0112186012;29/04/2024;22,732247;EUR
SANTALUCIA RENTA VARIABLE INTERNACIONAL FI B;ES0112186012;30/04/2024;22,504876;EUR
SANTALUCIA RENTA VARIABLE INTERNACIONAL FI B;ES0112186012;02/05/2024;22,565893;EUR
SANTALUCIA RENTA VARIABLE INTERNACIONAL FI B;ES0112186012;03/05/2024;22,779143;EUR
SANTALUCIA RENTA VARIABLE INTERNACIONAL FI B;ES0112186012;07/05/2024;23,040462;EUR
SANTALUCIA RENTA VARIABLE INTERNACIONAL FI B;ES0112186012;08/05/2024;23,043343;EUR
SANTALUCIA RENTA VARIABLE INTERNACIONAL FI B;ES0112186012;10/05/2024;23,230784;EUR
SANTALUCIA RENTA VARIABLE INTERNACIONAL FI B;ES0112186012;13/05/2024;23,237096;EUR
SANTALUCIA RENTA VARIABLE INTERNACIONAL FI B;ES0112186012;14/05/2024;23,303657;EUR
SANTALUCIA RENTA VARIABLE INTERNACIONAL FI B;ES0112186012;15/05/2024;23,524345;EUR
SANTALUCIA RENTA VARIABLE INTERNACIONAL FI B;ES0112186012;16/05/2024;23,524883;EUR
SANTALUCIA RENTA VARIABLE INTERNACIONAL FI B;ES0112186012;17/05/2024;23,538825;EUR
SANTALUCIA RENTA VARIABLE INTERNACIONAL FI B;ES0112186012;19/05/2024;23,537362;EUR
SANTALUCIA RENTA VARIABLE INTERNACIONAL FI B;ES0112186012;21/05/2024;23,554852;EUR
SANTALUCIA RENTA VARIABLE INTERNACIONAL FI B;ES0112186012;22/05/2024;23,502349;EUR
SANTALUCIA RENTA VARIABLE INTERNACIONAL FI B;ES0112186012;23/05/2024;23,378153;EUR
SANTALUCIA RENTA VARIABLE INTERNACIONAL FI B;ES0112186012;24/05/2024;23,421116;EUR
SANTALUCIA RENTA VARIABLE INTERNACIONAL FI B;ES0112186012;28/05/2024;23,387456;EUR
SANTALUCIA RENTA VARIABLE INTERNACIONAL FI B;ES0112186012;29/05/2024;23,182763;EUR
SANTALUCIA RENTA VARIABLE INTERNACIONAL FI B;ES0112186012;30/05/2024;23,106712;EUR
SANTALUCIA RENTA VARIABLE INTERNACIONAL FI B;ES0112186012;31/05/2024;23,197223;EUR
SANTALUCIA RENTA VARIABLE INTERNACIONAL FI B;ES0112186012;04/06/2024;23,258399;EUR
SANTALUCIA RENTA VARIABLE INTERNACIONAL FI B;ES0112186012;05/06/2024;23,455038;EUR
SANTALUCIA RENTA VARIABLE INTERNACIONAL FI B;ES0112186012;06/06/2024;23,533583;EUR
SANTALUCIA RENTA VARIABLE INTERNACIONAL FI B;ES0112186012;07/06/2024;23,491568;EUR
SANTALUCIA RENTA VARIABLE INTERNACIONAL FI B;ES0112186012;10/06/2024;23,508232;EUR
SANTALUCIA RENTA VARIABLE INTERNACIONAL FI B;ES0112186012;11/06/2024;23,489978;EUR
SANTALUCIA RENTA VARIABLE INTERNACIONAL FI B;ES0112186012;12/06/2024;23,670842;EUR
SANTALUCIA RENTA VARIABLE INTERNACIONAL FI B;ES0112186012;13/06/2024;23,630350;EUR
SANTALUCIA RENTA VARIABLE INTERNACIONAL FI B;ES0112186012;14/06/2024;23,582413;EUR
SANTALUCIA RENTA VARIABLE INTERNACIONAL FI B;ES0112186012;17/06/2024;23,673635;EUR
SANTALUCIA RENTA VARIABLE INTERNACIONAL FI B;ES0112186012;18/06/2024;23,764668;EUR
SANTALUCIA RENTA VARIABLE INTERNACIONAL FI B;ES0112186012;20/06/2024;23,781615;EUR
SANTALUCIA RENTA VARIABLE INTERNACIONAL FI B;ES0112186012;21/06/2024;23,727454;EUR
SANTALUCIA RENTA VARIABLE INTERNACIONAL FI B;ES0112186012;24/06/2024;23,738204;EUR
SANTALUCIA RENTA VARIABLE INTERNACIONAL FI B;ES0112186012;25/06/2024;23,775028;EUR
SANTALUCIA RENTA VARIABLE INTERNACIONAL FI B;ES0112186012;26/06/2024;23,768147;EUR
SANTALUCIA RENTA VARIABLE INTERNACIONAL FI B;ES0112186012;27/06/2024;23,764810;EUR
SANTALUCIA RENTA VARIABLE INTERNACIONAL FI B;ES0112186012;28/06/2024;23,716422;EUR
SANTALUCIA RENTA VARIABLE INTERNACIONAL FI B;ES0112186012;01/07/2024;23,736828;EUR
SANTALUCIA RENTA VARIABLE INTERNACIONAL FI B;ES0112186012;02/07/2024;23,796491;EUR
SANTALUCIA RENTA VARIABLE INTERNACIONAL FI B;ES0112186012;03/07/2024;23,916015;EUR
SANTALUCIA RENTA VARIABLE INTERNACIONAL FI B;ES0112186012;05/07/2024;24,055173;EUR
SANTALUCIA RENTA VARIABLE INTERNACIONAL FI B;ES0112186012;08/07/2024;24,060544;EUR
SANTALUCIA RENTA VARIABLE INTERNACIONAL FI B;ES0112186012;09/07/2024;24,032034;EUR
SANTALUCIA RENTA VARIABLE INTERNACIONAL FI B;ES0112186012;10/07/2024;24,213149;EUR
SANTALUCIA RENTA VARIABLE INTERNACIONAL FI B;ES0112186012;11/07/2024;24,191649;EUR
SANTALUCIA RENTA VARIABLE INTERNACIONAL FI B;ES0112186012;12/07/2024;24,302553;EUR
SANTALUCIA RENTA VARIABLE INTERNACIONAL FI B;ES0112186012;15/07/2024;24,304908;EUR
SANTALUCIA RENTA VARIABLE INTERNACIONAL FI B;ES0112186012;16/07/2024;24,388424;EUR
SANTALUCIA RENTA VARIABLE INTERNACIONAL FI B;ES0112186012;17/07/2024;24,154703;EUR
SANTALUCIA RENTA VARIABLE INTERNACIONAL FI B;ES0112186012;18/07/2024;23,993774;EUR
SANTALUCIA RENTA VARIABLE INTERNACIONAL FI B;ES0112186012;19/07/2024;23,830852;EUR
SANTALUCIA RENTA VARIABLE INTERNACIONAL FI B;ES0112186012;22/07/2024;24,008777;EUR
SANTALUCIA RENTA VARIABLE INTERNACIONAL FI B;ES0112186012;23/07/2024;23,995491;EUR
SANTALUCIA RENTA VARIABLE INTERNACIONAL FI B;ES0112186012;24/07/2024;23,586964;EUR
SANTALUCIA RENTA VARIABLE INTERNACIONAL FI B;ES0112186012;25/07/2024;23,413959;EUR
SANTALUCIA RENTA VARIABLE INTERNACIONAL FI B;ES0112186012;26/07/2024;23,628471;EUR
SANTALUCIA RENTA VARIABLE INTERNACIONAL FI B;ES0112186012;29/07/2024;23,651261;EUR
SANTALUCIA RENTA VARIABLE INTERNACIONAL FI B;ES0112186012;30/07/2024;23,592256;EUR
SANTALUCIA RENTA VARIABLE INTERNACIONAL FI B;ES0112186012;31/07/2024;23,884050;EUR
SANTALUCIA RENTA VARIABLE INTERNACIONAL FI B;ES0112186012;01/08/2024;23,631885;EUR
SANTALUCIA RENTA VARIABLE INTERNACIONAL FI B;ES0112186012;02/08/2024;23,117416;EUR
SANTALUCIA RENTA VARIABLE INTERNACIONAL FI B;ES0112186012;06/08/2024;22,678604;EUR
SANTALUCIA RENTA VARIABLE INTERNACIONAL FI B;ES0112186012;07/08/2024;22,713551;EUR
SANTALUCIA RENTA VARIABLE INTERNACIONAL FI B;ES0112186012;08/08/2024;22,991967;EUR
SANTALUCIA RENTA VARIABLE INTERNACIONAL FI B;ES0112186012;09/08/2024;23,111490;EUR
SANTALUCIA RENTA VARIABLE INTERNACIONAL FI B;ES0112186012;12/08/2024;23,112342;EUR
SANTALUCIA RENTA VARIABLE INTERNACIONAL FI B;ES0112186012;13/08/2024;23,426575;EUR
SANTALUCIA RENTA VARIABLE INTERNACIONAL FI B;ES0112186012;14/08/2024;23,520363;EUR
SANTALUCIA RENTA VARIABLE INTERNACIONAL FI B;ES0112186012;16/08/2024;23,932070;EUR
SANTALUCIA RENTA VARIABLE INTERNACIONAL FI B;ES0112186012;19/08/2024;24,091752;EUR
SANTALUCIA RENTA VARIABLE INTERNACIONAL FI B;ES0112186012;20/08/2024;24,084050;EUR
SANTALUCIA RENTA VARIABLE INTERNACIONAL FI B;ES0112186012;21/08/2024;24,170163;EUR
SANTALUCIA RENTA VARIABLE INTERNACIONAL FI B;ES0112186012;22/08/2024;24,064626;EUR
SANTALUCIA RENTA VARIABLE INTERNACIONAL FI B;ES0112186012;23/08/2024;24,233248;EUR
SANTALUCIA RENTA VARIABLE INTERNACIONAL FI B;ES0112186012;27/08/2024;24,217653;EUR
SANTALUCIA RENTA VARIABLE INTERNACIONAL FI B;ES0112186012;28/08/2024;24,132822;EUR
SANTALUCIA RENTA VARIABLE INTERNACIONAL FI B;ES0112186012;29/08/2024;24,197705;EUR
SANTALUCIA RENTA VARIABLE INTERNACIONAL FI B;ES0112186012;30/08/2024;24,337577;EUR
SANTALUCIA RENTA VARIABLE INTERNACIONAL FI B;ES0112186012;02/09/2024;24,341555;EUR
SANTALUCIA RENTA VARIABLE INTERNACIONAL FI B;ES0112186012;03/09/2024;24,004432;EUR
SANTALUCIA RENTA VARIABLE INTERNACIONAL FI B;ES0112186012;04/09/2024;23,863967;EUR
SANTALUCIA RENTA VARIABLE INTERNACIONAL FI B;ES0112186012;05/09/2024;23,776450;EUR
SANTALUCIA RENTA VARIABLE INTERNACIONAL FI B;ES0112186012;06/09/2024;23,483423;EUR
SANTALUCIA RENTA VARIABLE INTERNACIONAL FI B;ES0112186012;08/09/2024;23,481935;EUR
SANTALUCIA RENTA VARIABLE INTERNACIONAL FI B;ES0112186012;09/09/2024;23,639128;EUR
SANTALUCIA RENTA VARIABLE INTERNACIONAL FI B;ES0112186012;10/09/2024;23,689619;EUR
SANTALUCIA RENTA VARIABLE INTERNACIONAL FI B;ES0112186012;11/09/2024;23,789137;EUR
SANTALUCIA RENTA VARIABLE INTERNACIONAL FI B;ES0112186012;12/09/2024;24,008850;EUR
SANTALUCIA RENTA VARIABLE INTERNACIONAL FI B;ES0112186012;13/09/2024;24,139131;EUR
SANTALUCIA RENTA VARIABLE INTERNACIONAL FI B;ES0112186012;16/09/2024;24,181187;EUR
SANTALUCIA RENTA VARIABLE INTERNACIONAL FI B;ES0112186012;17/09/2024;24,196352;EUR
SANTALUCIA RENTA VARIABLE INTERNACIONAL FI B;ES0112186012;18/09/2024;24,134667;EUR
SANTALUCIA RENTA VARIABLE INTERNACIONAL FI B;ES0112186012;19/09/2024;24,469677;EUR
SANTALUCIA RENTA VARIABLE INTERNACIONAL FI B;ES0112186012;20/09/2024;24,386885;EUR
SANTALUCIA RENTA VARIABLE INTERNACIONAL FI B;ES0112186012;23/09/2024;24,436404;EUR
SANTALUCIA RENTA VARIABLE INTERNACIONAL FI B;ES0112186012;24/09/2024;24,519247;EUR
SANTALUCIA RENTA VARIABLE INTERNACIONAL FI B;ES0112186012;25/09/2024;24,478214;EUR
SANTALUCIA RENTA VARIABLE INTERNACIONAL FI B;ES0112186012;26/09/2024;24,669776;EUR
SANTALUCIA RENTA VARIABLE INTERNACIONAL FI B;ES0112186012;27/09/2024;24,691248;EUR
SANTALUCIA RENTA VARIABLE INTERNACIONAL FI B;ES0112186012;30/09/2024;24,643860;EUR
SANTALUCIA RENTA VARIABLE INTERNACIONAL FI B;ES0112186012;01/10/2024;24,520215;EUR
SANTALUCIA RENTA VARIABLE INTERNACIONAL FI B;ES0112186012;02/10/2024;24,520560;EUR
SANTALUCIA RENTA VARIABLE INTERNACIONAL FI B;ES0112186012;03/10/2024;24,433763;EUR
SANTALUCIA RENTA VARIABLE INTERNACIONAL FI B;ES0112186012;04/10/2024;24,571965;EUR
SANTALUCIA RENTA VARIABLE INTERNACIONAL FI B;ES0112186012;07/10/2024;24,455268;EUR
SANTALUCIA RENTA VARIABLE INTERNACIONAL FI B;ES0112186012;08/10/2024;24,529707;EUR
SANTALUCIA RENTA VARIABLE INTERNACIONAL FI B;ES0112186012;09/10/2024;24,648215;EUR
SANTALUCIA RENTA VARIABLE INTERNACIONAL FI B;ES0112186012;10/10/2024;24,630340;EUR
SANTALUCIA RENTA VARIABLE INTERNACIONAL FI B;ES0112186012;11/10/2024;24,769588;EUR
SANTALUCIA RENTA VARIABLE INTERNACIONAL FI B;ES0112186012;15/10/2024;24,750537;EUR
SANTALUCIA RENTA VARIABLE INTERNACIONAL FI B;ES0112186012;16/10/2024;24,768148;EUR
SANTALUCIA RENTA VARIABLE INTERNACIONAL FI B;ES0112186012;17/10/2024;24,806656;EUR
SANTALUCIA RENTA VARIABLE INTERNACIONAL FI B;ES0112186012;18/10/2024;24,906237;EUR
SANTALUCIA RENTA VARIABLE INTERNACIONAL FI B;ES0112186012;21/10/2024;24,807461;EUR
SANTALUCIA RENTA VARIABLE INTERNACIONAL FI B;ES0112186012;22/10/2024;24,747792;EUR
SANTALUCIA RENTA VARIABLE INTERNACIONAL FI B;ES0112186012;23/10/2024;24,619928;EUR
SANTALUCIA RENTA VARIABLE INTERNACIONAL FI B;ES0112186012;24/10/2024;24,638189;EUR
SANTALUCIA RENTA VARIABLE INTERNACIONAL FI B;ES0112186012;25/10/2024;24,600627;EUR
SANTALUCIA RENTA VARIABLE INTERNACIONAL FI B;ES0112186012;29/10/2024;24,679807;EUR
SANTALUCIA RENTA VARIABLE INTERNACIONAL FI B;ES0112186012;30/10/2024;24,577501;EUR
SANTALUCIA RENTA VARIABLE INTERNACIONAL FI B;ES0112186012;31/10/2024;24,200058;EUR
SANTALUCIA RENTA VARIABLE INTERNACIONAL FI B;ES0112186012;04/11/2024;24,238035;EUR
SANTALUCIA RENTA VARIABLE INTERNACIONAL FI B;ES0112186012;05/11/2024;24,453424;EUR
SANTALUCIA RENTA VARIABLE INTERNACIONAL FI B;ES0112186012;06/11/2024;24,781498;EUR
SANTALUCIA RENTA VARIABLE INTERNACIONAL FI B;ES0112186012;07/11/2024;24,987282;EUR
SANTALUCIA RENTA VARIABLE INTERNACIONAL FI B;ES0112186012;08/11/2024;25,036030;EUR
SANTALUCIA RENTA VARIABLE INTERNACIONAL FI B;ES0112186012;12/11/2024;24,944361;EUR
SANTALUCIA RENTA VARIABLE INTERNACIONAL FI B;ES0112186012;13/11/2024;24,891014;EUR
SANTALUCIA RENTA VARIABLE INTERNACIONAL FI B;ES0112186012;14/11/2024;24,820438;EUR
SANTALUCIA RENTA VARIABLE INTERNACIONAL FI B;ES0112186012;15/11/2024;24,553717;EUR
SANTALUCIA RENTA VARIABLE INTERNACIONAL FI B;ES0112186012;18/11/2024;24,605947;EUR
SANTALUCIA RENTA VARIABLE INTERNACIONAL FI B;ES0112186012;19/11/2024;24,655865;EUR
SANTALUCIA RENTA VARIABLE INTERNACIONAL FI B;ES0112186012;20/11/2024;24,642807;EUR
SANTALUCIA RENTA VARIABLE INTERNACIONAL FI B;ES0112186012;21/11/2024;24,763714;EUR
SANTALUCIA RENTA VARIABLE INTERNACIONAL FI B;ES0112186012;22/11/2024;24,921786;EUR
SANTALUCIA RENTA VARIABLE INTERNACIONAL FI B;ES0112186012;25/11/2024;25,018900;EUR
SANTALUCIA RENTA VARIABLE INTERNACIONAL FI B;ES0112186012;26/11/2024;25,054369;EUR
SANTALUCIA RENTA VARIABLE INTERNACIONAL FI B;ES0112186012;27/11/2024;25,002315;EUR
SANTALUCIA RENTA VARIABLE INTERNACIONAL FI B;ES0112186012;29/11/2024;25,124867;EUR
SANTALUCIA RENTA VARIABLE INTERNACIONAL FI B;ES0112186012;02/12/2024;25,208529;EUR
SANTALUCIA RENTA VARIABLE INTERNACIONAL FI B;ES0112186012;03/12/2024;25,257527;EUR
SANTALUCIA RENTA VARIABLE INTERNACIONAL FI B;ES0112186012;04/12/2024;25,385778;EUR
SANTALUCIA RENTA VARIABLE INTERNACIONAL FI B;ES0112186012;05/12/2024;25,375397;EUR
SANTALUCIA RENTA VARIABLE INTERNACIONAL FI B;ES0112186012;09/12/2024;25,316970;EUR
SANTALUCIA RENTA VARIABLE INTERNACIONAL FI B;ES0112186012;10/12/2024;25,232306;EUR
SANTALUCIA RENTA VARIABLE INTERNACIONAL FI B;ES0112186012;11/12/2024;25,357748;EUR
SANTALUCIA RENTA VARIABLE INTERNACIONAL FI B;ES0112186012;12/12/2024;25,271271;EUR
SANTALUCIA RENTA VARIABLE INTERNACIONAL FI B;ES0112186012;13/12/2024;25,226971;EUR
SANTALUCIA RENTA VARIABLE INTERNACIONAL FI B;ES0112186012;16/12/2024;25,272743;EUR
SANTALUCIA RENTA VARIABLE INTERNACIONAL FI B;ES0112186012;17/12/2024;25,166845;EUR
SANTALUCIA RENTA VARIABLE INTERNACIONAL FI B;ES0112186012;18/12/2024;24,717252;EUR
SANTALUCIA RENTA VARIABLE INTERNACIONAL FI B;ES0112186012;19/12/2024;24,612046;EUR
SANTALUCIA RENTA VARIABLE INTERNACIONAL FI B;ES0112186012;20/12/2024;24,668677;EUR
SANTALUCIA RENTA VARIABLE INTERNACIONAL FI B;ES0112186012;23/12/2024;24,807581;EUR
SANTALUCIA RENTA VARIABLE INTERNACIONAL FI B;ES0112186012;30/12/2024;24,669198;EUR
SANTALUCIA RENTA VARIABLE INTERNACIONAL FI B;ES0112186012;02/01/2025;24,827402;EUR
SANTALUCIA RENTA VARIABLE INTERNACIONAL FI B;ES0112186012;03/01/2025;24,936765;EUR
SANTALUCIA RENTA VARIABLE INTERNACIONAL FI B;ES0112186012;07/01/2025;24,829673;EUR
SANTALUCIA RENTA VARIABLE INTERNACIONAL FI B;ES0112186012;08/01/2025;24,925819;EUR
SANTALUCIA RENTA VARIABLE INTERNACIONAL FI B;ES0112186012;10/01/2025;24,751878;EUR
SANTALUCIA RENTA VARIABLE INTERNACIONAL FI B;ES0112186012;13/01/2025;24,776623;EUR
SANTALUCIA RENTA VARIABLE INTERNACIONAL FI B;ES0112186012;14/01/2025;24,656706;EUR
SANTALUCIA RENTA VARIABLE INTERNACIONAL FI B;ES0112186012;15/01/2025;24,997908;EUR
SANTALUCIA RENTA VARIABLE INTERNACIONAL FI B;ES0112186012;16/01/2025;25,061874;EUR
SANTALUCIA RENTA VARIABLE INTERNACIONAL FI B;ES0112186012;17/01/2025;25,243234;EUR
SANTALUCIA RENTA VARIABLE INTERNACIONAL FI B;ES0112186012;21/01/2025;25,235678;EUR
SANTALUCIA RENTA VARIABLE INTERNACIONAL FI B;ES0112186012;22/01/2025;25,361119;EUR
SANTALUCIA RENTA VARIABLE INTERNACIONAL FI B;ES0112186012;23/01/2025;25,484195;EUR
SANTALUCIA RENTA VARIABLE INTERNACIONAL FI B;ES0112186012;24/01/2025;25,301393;EUR
SANTALUCIA RENTA VARIABLE INTERNACIONAL FI B;ES0112186012;27/01/2025;25,056385;EUR
SANTALUCIA RENTA VARIABLE INTERNACIONAL FI B;ES0112186012;28/01/2025;25,333056;EUR
SANTALUCIA RENTA VARIABLE INTERNACIONAL FI B;ES0112186012;29/01/2025;25,349434;EUR
SANTALUCIA RENTA VARIABLE INTERNACIONAL FI B;ES0112186012;30/01/2025;25,454144;EUR
SANTALUCIA RENTA VARIABLE INTERNACIONAL FI B;ES0112186012;31/01/2025;25,517621;EUR
SANTALUCIA RENTA VARIABLE INTERNACIONAL FI B;ES0112186012;03/02/2025;25,400753;EUR
SANTALUCIA RENTA VARIABLE INTERNACIONAL FI B;ES0112186012;04/02/2025;25,418860;EUR
SANTALUCIA RENTA VARIABLE INTERNACIONAL FI B;ES0112186012;05/02/2025;25,436002;EUR
SANTALUCIA RENTA VARIABLE INTERNACIONAL FI B;ES0112186012;06/02/2025;25,660622;EUR
SANTALUCIA RENTA VARIABLE INTERNACIONAL FI B;ES0112186012;07/02/2025;25,563264;EUR
SANTALUCIA RENTA VARIABLE INTERNACIONAL FI B;ES0112186012;10/02/2025;25,726394;EUR
SANTALUCIA RENTA VARIABLE INTERNACIONAL FI B;ES0112186012;11/02/2025;25,677137;EUR
SANTALUCIA RENTA VARIABLE INTERNACIONAL FI B;ES0112186012;12/02/2025;25,556989;EUR
SANTALUCIA RENTA VARIABLE INTERNACIONAL FI B;ES0112186012;13/02/2025;25,659349;EUR
SANTALUCIA RENTA VARIABLE INTERNACIONAL FI B;ES0112186012;14/02/2025;25,556687;EUR
SANTALUCIA RENTA VARIABLE INTERNACIONAL FI B;ES0112186012;18/02/2025;25,703302;EUR
SANTALUCIA RENTA VARIABLE INTERNACIONAL FI B;ES0112186012;19/02/2025;25,769394;EUR
SANTALUCIA RENTA VARIABLE INTERNACIONAL FI B;ES0112186012;20/02/2025;25,569997;EUR
SANTALUCIA RENTA VARIABLE INTERNACIONAL FI B;ES0112186012;21/02/2025;25,399715;EUR
SANTALUCIA RENTA VARIABLE INTERNACIONAL FI B;ES0112186012;24/02/2025;25,212930;EUR
SANTALUCIA RENTA VARIABLE INTERNACIONAL FI B;ES0112186012;25/02/2025;25,018103;EUR
SANTALUCIA RENTA VARIABLE INTERNACIONAL FI B;ES0112186012;26/02/2025;25,102450;EUR
SANTALUCIA RENTA VARIABLE INTERNACIONAL FI B;ES0112186012;27/02/2025;25,029283;EUR
SANTALUCIA RENTA VARIABLE INTERNACIONAL FI B;ES0112186012;28/02/2025;25,119479;EUR
SANTALUCIA RENTA VARIABLE INTERNACIONAL FI B;ES0112186012;03/03/2025;24,895582;EUR
SANTALUCIA RENTA VARIABLE INTERNACIONAL FI B;ES0112186012;04/03/2025;24,377237;EUR
SANTALUCIA RENTA VARIABLE INTERNACIONAL FI B;ES0112186012;05/03/2025;24,152640;EUR
SANTALUCIA RENTA VARIABLE INTERNACIONAL FI B;ES0112186012;06/03/2025;23,888414;EUR
SANTALUCIA RENTA VARIABLE INTERNACIONAL FI B;ES0112186012;07/03/2025;23,731971;EUR
SANTALUCIA RENTA VARIABLE INTERNACIONAL FI B;ES0112186012;10/03/2025;23,344597;EUR
SANTALUCIA RENTA VARIABLE INTERNACIONAL FI B;ES0112186012;11/03/2025;22,931313;EUR
SANTALUCIA RENTA VARIABLE INTERNACIONAL FI B;ES0112186012;12/03/2025;23,059401;EUR
SANTALUCIA RENTA VARIABLE INTERNACIONAL FI B;ES0112186012;13/03/2025;22,963637;EUR
SANTALUCIA RENTA VARIABLE INTERNACIONAL FI B;ES0112186012;14/03/2025;23,259185;EUR
SANTALUCIA RENTA VARIABLE INTERNACIONAL FI B;ES0112186012;18/03/2025;23,250509;EUR
SANTALUCIA RENTA VARIABLE INTERNACIONAL FI B;ES0112186012;19/03/2025;23,471227;EUR
SANTALUCIA RENTA VARIABLE INTERNACIONAL FI B;ES0112186012;20/03/2025;23,539802;EUR
SANTALUCIA RENTA VARIABLE INTERNACIONAL FI B;ES0112186012;21/03/2025;23,520812;EUR
SANTALUCIA RENTA VARIABLE INTERNACIONAL FI B;ES0112186012;24/03/2025;23,820525;EUR
SANTALUCIA RENTA VARIABLE INTERNACIONAL FI B;ES0112186012;25/03/2025;23,872526;EUR
SANTALUCIA RENTA VARIABLE INTERNACIONAL FI B;ES0112186012;26/03/2025;23,734216;EUR
SANTALUCIA RENTA VARIABLE INTERNACIONAL FI B;ES0112186012;27/03/2025;23,629334;EUR
SANTALUCIA RENTA VARIABLE INTERNACIONAL FI B;ES0112186012;28/03/2025;23,227206;EUR
SANTALUCIA RENTA VARIABLE INTERNACIONAL FI B;ES0112186012;31/03/2025;23,145804;EUR
SANTALUCIA RENTA VARIABLE INTERNACIONAL FI B;ES0112186012;01/04/2025;23,298328;EUR
SANTALUCIA RENTA VARIABLE INTERNACIONAL FI B;ES0112186012;02/04/2025;23,294316;EUR
SANTALUCIA RENTA VARIABLE INTERNACIONAL FI B;ES0112186012;03/04/2025;22,156801;EUR
SANTALUCIA RENTA VARIABLE INTERNACIONAL FI B;ES0112186012;04/04/2025;21,178405;EUR
SANTALUCIA RENTA VARIABLE INTERNACIONAL FI B;ES0112186012;07/04/2025;20,717932;EUR
SANTALUCIA RENTA VARIABLE INTERNACIONAL FI B;ES0112186012;08/04/2025;20,952721;EUR
SANTALUCIA RENTA VARIABLE INTERNACIONAL FI B;ES0112186012;09/04/2025;21,262628;EUR
SANTALUCIA RENTA VARIABLE INTERNACIONAL FI B;ES0112186012;10/04/2025;21,234265;EUR
SANTALUCIA RENTA VARIABLE INTERNACIONAL FI B;ES0112186012;11/04/2025;21,130729;EUR
SANTALUCIA RENTA VARIABLE INTERNACIONAL FI B;ES0112186012;14/04/2025;21,442368;EUR
SANTALUCIA RENTA VARIABLE INTERNACIONAL FI B;ES0112186012;15/04/2025;21,588395;EUR
SANTALUCIA RENTA VARIABLE INTERNACIONAL FI B;ES0112186012;16/04/2025;21,238830;EUR
SANTALUCIA RENTA VARIABLE INTERNACIONAL FI B;ES0112186012;17/04/2025;21,244929;EUR
SANTALUCIA RENTA VARIABLE INTERNACIONAL FI B;ES0112186012;22/04/2025;21,085159;EUR
SANTALUCIA RENTA VARIABLE INTERNACIONAL FI B;ES0112186012;23/04/2025;21,637729;EUR
SANTALUCIA RENTA VARIABLE INTERNACIONAL FI B;ES0112186012;24/04/2025;21,827599;EUR
SANTALUCIA RENTA VARIABLE INTERNACIONAL FI B;ES0112186012;25/04/2025;21,969410;EUR
SANTALUCIA RENTA VARIABLE INTERNACIONAL FI B;ES0112186012;28/04/2025;22,014175;EUR
SANTALUCIA RENTA VARIABLE INTERNACIONAL FI B;ES0112186012;29/04/2025;22,102784;EUR
SANTALUCIA RENTA VARIABLE INTERNACIONAL FI B;ES0112186012;30/04/2025;22,175391;EUR
SANTALUCIA RENTA VARIABLE INTERNACIONAL FI B;ES0112186012;02/05/2025;22,619769;EUR
SANTALUCIA RENTA VARIABLE INTERNACIONAL FI B;ES0112186012;06/05/2025;22,497738;EUR
SANTALUCIA RENTA VARIABLE INTERNACIONAL FI B;ES0112186012;07/05/2025;22,509229;EUR
SANTALUCIA RENTA VARIABLE INTERNACIONAL FI B;ES0112186012;08/05/2025;22,732628;EUR
SANTALUCIA RENTA VARIABLE INTERNACIONAL FI B;ES0112186012;12/05/2025;23,506584;EUR
SANTALUCIA RENTA VARIABLE INTERNACIONAL FI B;ES0112186012;13/05/2025;23,547075;EUR
SANTALUCIA RENTA VARIABLE INTERNACIONAL FI B;ES0112186012;14/05/2025;23,496784;EUR
SANTALUCIA RENTA VARIABLE INTERNACIONAL FI B;ES0112186012;15/05/2025;23,634187;EUR
SANTALUCIA RENTA VARIABLE INTERNACIONAL FI B;ES0112186012;16/05/2025;23,807922;EUR
SANTALUCIA RENTA VARIABLE INTERNACIONAL FI B;ES0112186012;19/05/2025;23,693391;EUR
SANTALUCIA RENTA VARIABLE INTERNACIONAL FI B;ES0112186012;20/05/2025;23,680207;EUR
SANTALUCIA RENTA VARIABLE INTERNACIONAL FI B;ES0112186012;21/05/2025;23,365410;EUR
SANTALUCIA RENTA VARIABLE INTERNACIONAL FI B;ES0112186012;22/05/2025;23,346373;EUR
SANTALUCIA RENTA VARIABLE INTERNACIONAL FI B;ES0112186012;23/05/2025;23,136007;EUR
SANTALUCIA RENTA VARIABLE INTERNACIONAL FI B;ES0112186012;27/05/2025;23,477992;EUR
SANTALUCIA RENTA VARIABLE INTERNACIONAL FI B;ES0112186012;28/05/2025;23,452188;EUR
SANTALUCIA RENTA VARIABLE INTERNACIONAL FI B;ES0112186012;30/05/2025;23,430084;EUR
SANTALUCIA RENTA VARIABLE INTERNACIONAL FI B;ES0112186012;03/06/2025;23,508488;EUR
SANTALUCIA RENTA VARIABLE INTERNACIONAL FI B;ES0112186012;04/06/2025;23,516473;EUR
SANTALUCIA RENTA VARIABLE INTERNACIONAL FI B;ES0112186012;05/06/2025;23,418814;EUR
SANTALUCIA RENTA VARIABLE INTERNACIONAL FI B;ES0112186012;06/06/2025;23,645782;EUR
SANTALUCIA RENTA VARIABLE INTERNACIONAL FI B;ES0112186012;10/06/2025;23,670781;EUR
SANTALUCIA RENTA VARIABLE INTERNACIONAL FI B;ES0112186012;11/06/2025;23,561826;EUR
SANTALUCIA RENTA VARIABLE INTERNACIONAL FI B;ES0112186012;12/06/2025;23,422424;EUR
SANTALUCIA RENTA VARIABLE INTERNACIONAL FI B;ES0112186012;13/06/2025;23,252967;EUR
SANTALUCIA RENTA VARIABLE INTERNACIONAL FI B;ES0112186012;16/06/2025;23,336418;EUR
SANTALUCIA RENTA VARIABLE INTERNACIONAL FI B;ES0112186012;17/06/2025;23,288779;EUR
SANTALUCIA RENTA VARIABLE INTERNACIONAL FI B;ES0112186012;18/06/2025;23,287241;EUR
SANTALUCIA RENTA VARIABLE INTERNACIONAL FI B;ES0112186012;20/06/2025;23,177586;EUR
SANTALUCIA RENTA VARIABLE INTERNACIONAL FI B;ES0112186012;24/06/2025;23,376792;EUR
SANTALUCIA RENTA VARIABLE INTERNACIONAL FI B;ES0112186012;25/06/2025;23,331485;EUR
SANTALUCIA RENTA VARIABLE INTERNACIONAL FI B;ES0112186012;26/06/2025;23,325227;EUR
SANTALUCIA RENTA VARIABLE INTERNACIONAL FI B;ES0112186012;27/06/2025;23,470887;EUR
SANTALUCIA RENTA VARIABLE INTERNACIONAL FI B;ES0112186012;30/06/2025;23,498636;EUR
SANTALUCIA RENTA VARIABLE INTERNACIONAL FI B;ES0112186012;01/07/2025;23,419226;EUR
SANTALUCIA RENTA VARIABLE INTERNACIONAL FI B;ES0112186012;02/07/2025;23,472259;EUR
SANTALUCIA RENTA VARIABLE INTERNACIONAL FI B;ES0112186012;03/07/2025;23,654844;EUR
SANTALUCIA RENTA VARIABLE INTERNACIONAL FI B;ES0112186012;07/07/2025;23,559853;EUR
SANTALUCIA RENTA VARIABLE INTERNACIONAL FI B;ES0112186012;08/07/2025;23,532696;EUR
SANTALUCIA RENTA VARIABLE INTERNACIONAL FI B;ES0112186012;09/07/2025;23,688464;EUR
SANTALUCIA RENTA VARIABLE INTERNACIONAL FI B;ES0112186012;10/07/2025;23,792513;EUR
SANTALUCIA RENTA VARIABLE INTERNACIONAL FI B;ES0112186012;11/07/2025;23,665664;EUR
SANTALUCIA RENTA VARIABLE INTERNACIONAL FI B;ES0112186012;14/07/2025;23,696716;EUR
SANTALUCIA RENTA VARIABLE INTERNACIONAL FI B;ES0112186012;15/07/2025;23,735708;EUR
SANTALUCIA RENTA VARIABLE INTERNACIONAL FI B;ES0112186012;16/07/2025;23,776017;EUR
SANTALUCIA RENTA VARIABLE INTERNACIONAL FI B;ES0112186012;17/07/2025;23,949685;EUR
SANTALUCIA RENTA VARIABLE INTERNACIONAL FI B;ES0112186012;18/07/2025;23,882799;EUR
SANTALUCIA RENTA VARIABLE INTERNACIONAL FI B;ES0112186012;21/07/2025;23,820978;EUR
SANTALUCIA RENTA VARIABLE INTERNACIONAL FI B;ES0112186012;22/07/2025;23,751007;EUR
SANTALUCIA RENTA VARIABLE INTERNACIONAL FI B;ES0112186012;23/07/2025;23,913362;EUR
SANTALUCIA RENTA VARIABLE INTERNACIONAL FI B;ES0112186012;24/07/2025;23,930980;EUR
SANTALUCIA RENTA VARIABLE INTERNACIONAL FI B;ES0112186012;25/07/2025;23,999541;EUR
SANTALUCIA RENTA VARIABLE INTERNACIONAL FI B;ES0112186012;28/07/2025;24,141766;EUR
SANTALUCIA RENTA VARIABLE INTERNACIONAL FI B;ES0112186012;29/07/2025;24,273118;EUR
SANTALUCIA RENTA VARIABLE INTERNACIONAL FI B;ES0112186012;30/07/2025;24,340130;EUR
SANTALUCIA RENTA VARIABLE INTERNACIONAL FI B;ES0112186012;31/07/2025;24,314212;EUR
SANTALUCIA RENTA VARIABLE INTERNACIONAL FI B;ES0112186012;01/08/2025;23,751885;EUR
SANTALUCIA RENTA VARIABLE INTERNACIONAL FI B;ES0112186012;05/08/2025;23,955670;EUR
SANTALUCIA RENTA VARIABLE INTERNACIONAL FI B;ES0112186012;06/08/2025;23,931040;EUR
SANTALUCIA RENTA VARIABLE INTERNACIONAL FI B;ES0112186012;07/08/2025;24,009113;EUR
SANTALUCIA RENTA VARIABLE INTERNACIONAL FI B;ES0112186012;08/08/2025;24,076667;EUR
SANTALUCIA RENTA VARIABLE INTERNACIONAL FI B;ES0112186012;11/08/2025;24,115139;EUR
SANTALUCIA RENTA VARIABLE INTERNACIONAL FI B;ES0112186012;12/08/2025;24,188862;EUR
SANTALUCIA RENTA VARIABLE INTERNACIONAL FI B;ES0112186012;13/08/2025;24,227541;EUR
SANTALUCIA RENTA VARIABLE INTERNACIONAL FI B;ES0112186012;14/08/2025;24,313790;EUR
SANTALUCIA RENTA VARIABLE INTERNACIONAL FI B;ES0112186012;18/08/2025;24,279744;EUR
SANTALUCIA RENTA VARIABLE INTERNACIONAL FI B;ES0112186012;19/08/2025;24,240911;EUR
SANTALUCIA RENTA VARIABLE INTERNACIONAL FI B;ES0112186012;20/08/2025;24,206632;EUR
SANTALUCIA RENTA VARIABLE INTERNACIONAL FI B;ES0112186012;21/08/2025;24,198312;EUR
SANTALUCIA RENTA VARIABLE INTERNACIONAL FI B;ES0112186012;22/08/2025;24,307887;EUR
SANTALUCIA RENTA VARIABLE INTERNACIONAL FI B;ES0112186012;25/08/2025;24,309772;EUR
SANTALUCIA RENTA VARIABLE INTERNACIONAL FI B;ES0112186012;26/08/2025;24,346362;EUR
SANTALUCIA RENTA VARIABLE INTERNACIONAL FI B;ES0112186012;27/08/2025;24,463687;EUR
SANTALUCIA RENTA VARIABLE INTERNACIONAL FI B;ES0112186012;28/08/2025;24,409796;EUR
SANTALUCIA RENTA VARIABLE INTERNACIONAL FI B;ES0112186012;29/08/2025;24,260429;EUR
SANTALUCIA RENTA VARIABLE INTERNACIONAL FI B;ES0112186012;01/09/2025;24,242615;EUR
SANTALUCIA RENTA VARIABLE INTERNACIONAL FI B;ES0112186012;02/09/2025;24,141154;EUR
SANTALUCIA RENTA VARIABLE INTERNACIONAL FI B;ES0112186012;03/09/2025;24,206470;EUR
SANTALUCIA RENTA VARIABLE INTERNACIONAL FI B;ES0112186012;04/09/2025;24,405971;EUR
SANTALUCIA RENTA VARIABLE INTERNACIONAL FI B;ES0112186012;05/09/2025;24,271721;EUR
SANTALUCIA RENTA VARIABLE INTERNACIONAL FI B;ES0112186012;08/09/2025;24,310943;EUR
SANTALUCIA RENTA VARIABLE INTERNACIONAL FI B;ES0112186012;09/09/2025;24,394606;EUR
SANTALUCIA RENTA VARIABLE INTERNACIONAL FI B;ES0112186012;10/09/2025;24,487515;EUR
SANTALUCIA RENTA VARIABLE INTERNACIONAL FI B;ES0112186012;11/09/2025;24,629238;EUR
SANTALUCIA RENTA VARIABLE INTERNACIONAL FI B;ES0112186012;12/09/2025;24,625083;EUR
SANTALUCIA RENTA VARIABLE INTERNACIONAL FI B;ES0112186012;15/09/2025;24,655922;EUR
SANTALUCIA RENTA VARIABLE INTERNACIONAL FI B;ES0112186012;16/09/2025;24,463869;EUR
SANTALUCIA RENTA VARIABLE INTERNACIONAL FI B;ES0112186012;17/09/2025;24,450353;EUR
SANTALUCIA RENTA VARIABLE INTERNACIONAL FI B;ES0112186012;18/09/2025;24,662532;EUR
SANTALUCIA RENTA VARIABLE INTERNACIONAL FI B;ES0112186012;19/09/2025;24,761588;EUR
SANTALUCIA RENTA VARIABLE INTERNACIONAL FI B;ES0112186012;22/09/2025;24,799522;EUR
SANTALUCIA RENTA VARIABLE INTERNACIONAL FI B;ES0112186012;23/09/2025;24,713500;EUR
SANTALUCIA RENTA VARIABLE INTERNACIONAL FI B;ES0112186012;24/09/2025;24,715497;EUR
SANTALUCIA RENTA VARIABLE INTERNACIONAL FI B;ES0112186012;25/09/2025;24,683036;EUR
SANTALUCIA RENTA VARIABLE INTERNACIONAL FI B;ES0112186012;26/09/2025;24,777161;EUR
SANTALUCIA RENTA VARIABLE INTERNACIONAL FI B;ES0112186012;29/09/2025;24,793636;EUR
SANTALUCIA RENTA VARIABLE INTERNACIONAL FI B;ES0112186012;30/09/2025;24,874923;EUR
SANTALUCIA RENTA VARIABLE INTERNACIONAL FI B;ES0112186012;01/10/2025;24,963498;EUR
SANTALUCIA RENTA VARIABLE INTERNACIONAL FI B;ES0112186012;02/10/2025;25,072808;EUR
SANTALUCIA RENTA VARIABLE INTERNACIONAL FI B;ES0112186012;03/10/2025;25,087654;EUR
SANTALUCIA RENTA VARIABLE INTERNACIONAL FI B;ES0112186012;06/10/2025;25,197025;EUR
SANTALUCIA RENTA VARIABLE INTERNACIONAL FI B;ES0112186012;07/10/2025;25,203890;EUR
SANTALUCIA RENTA VARIABLE INTERNACIONAL FI B;ES0112186012;08/10/2025;25,372828;EUR
SANTALUCIA RENTA VARIABLE INTERNACIONAL FI B;ES0112186012;09/10/2025;25,401734;EUR
SANTALUCIA RENTA VARIABLE INTERNACIONAL FI B;ES0112186012;10/10/2025;24,920722;EUR
SANTALUCIA RENTA VARIABLE INTERNACIONAL FI B;ES0112186012;13/10/2025;25,120358;EUR
SANTALUCIA RENTA VARIABLE INTERNACIONAL FI B;ES0112186012;14/10/2025;25,022522;EUR
SANTALUCIA RENTA VARIABLE INTERNACIONAL FI B;ES0112186012;15/10/2025;25,112186;EUR
SANTALUCIA RENTA VARIABLE INTERNACIONAL FI B;ES0112186012;16/10/2025;24,970550;EUR
SANTALUCIA RENTA VARIABLE INTERNACIONAL FI B;ES0112186012;17/10/2025;24,967244;EUR
SANTALUCIA RENTA VARIABLE INTERNACIONAL FI B;ES0112186012;20/10/2025;25,253629;EUR
SANTALUCIA RENTA VARIABLE INTERNACIONAL FI B;ES0112186012;21/10/2025;25,347287;EUR
SANTALUCIA RENTA VARIABLE INTERNACIONAL FI B;ES0112186012;22/10/2025;25,241605;EUR
SANTALUCIA RENTA VARIABLE INTERNACIONAL FI B;ES0112186012;23/10/2025;25,315361;EUR
SANTALUCIA RENTA VARIABLE INTERNACIONAL FI B;ES0112186012;24/10/2025;25,460670;EUR
SANTALUCIA RENTA VARIABLE INTERNACIONAL FI B;ES0112186012;28/10/2025;25,664069;EUR
SANTALUCIA RENTA VARIABLE INTERNACIONAL FI B;ES0112186012;29/10/2025;25,676997;EUR
SANTALUCIA RENTA VARIABLE INTERNACIONAL FI B;ES0112186012;30/10/2025;25,649976;EUR
SANTALUCIA RENTA VARIABLE INTERNACIONAL FI B;ES0112186012;31/10/2025;25,709028;EUR
SANTALUCIA RENTA VARIABLE INTERNACIONAL FI B;ES0112186012;03/11/2025;25,767218;EUR
SANTALUCIA RENTA VARIABLE INTERNACIONAL FI B;ES0112186012;04/11/2025;25,583032;EUR
SANTALUCIA RENTA VARIABLE INTERNACIONAL FI B;ES0112186012;05/11/2025;25,623877;EUR
SANTALUCIA RENTA VARIABLE INTERNACIONAL FI B;ES0112186012;06/11/2025;25,332656;EUR
SANTALUCIA RENTA VARIABLE INTERNACIONAL FI B;ES0112186012;07/11/2025;25,238554;EUR
SANTALUCIA RENTA VARIABLE INTERNACIONAL FI B;ES0112186012;10/11/2025;25,596552;EUR
SANTALUCIA RENTA VARIABLE INTERNACIONAL FI B;ES0112186012;11/11/2025;25,634171;EUR
SANTALUCIA RENTA VARIABLE INTERNACIONAL FI B;ES0112186012;12/11/2025;25,709354;EUR
SANTALUCIA RENTA VARIABLE INTERNACIONAL FI B;ES0112186012;13/11/2025;25,329444;EUR
SANTALUCIA RENTA VARIABLE INTERNACIONAL FI B;ES0112186012;14/11/2025;25,235318;EUR
SANTALUCIA RENTA VARIABLE INTERNACIONAL FI B;ES0112186012;17/11/2025;25,098538;EUR
SANTALUCIA RENTA VARIABLE INTERNACIONAL FI B;ES0112186012;18/11/2025;24,828443;EUR
SANTALUCIA RENTA VARIABLE INTERNACIONAL FI B;ES0112186012;19/11/2025;24,945932;EUR
SANTALUCIA RENTA VARIABLE INTERNACIONAL FI B;ES0112186012;20/11/2025;24,800451;EUR
SANTALUCIA RENTA VARIABLE INTERNACIONAL FI B;ES0112186012;21/11/2025;24,837949;EUR
SANTALUCIA RENTA VARIABLE INTERNACIONAL FI B;ES0112186012;24/11/2025;25,079633;EUR
SANTALUCIA RENTA VARIABLE INTERNACIONAL FI B;ES0112186012;25/11/2025;25,236165;EUR
SANTALUCIA RENTA VARIABLE INTERNACIONAL FI B;ES0112186012;26/11/2025;25,412207;EUR
SANTALUCIA RENTA VARIABLE INTERNACIONAL FI B;ES0112186012;28/11/2025;25,519586;EUR
SANTALUCIA RENTA VARIABLE INTERNACIONAL FI B;ES0112186012;01/12/2025;25,394099;EUR
SANTALUCIA RENTA VARIABLE INTERNACIONAL FI B;ES0112186012;02/12/2025;25,457638;EUR
SANTALUCIA RENTA VARIABLE INTERNACIONAL FI B;ES0112186012;03/12/2025;25,438013;EUR
SANTALUCIA RENTA VARIABLE INTERNACIONAL FI B;ES0112186012;04/12/2025;25,508535;EUR
SANTALUCIA RENTA VARIABLE INTERNACIONAL FI B;ES0112186012;05/12/2025;25,577799;EUR
SANTALUCIA RENTA VARIABLE INTERNACIONAL FI B;ES0112186012;09/12/2025;25,524637;EUR
SANTALUCIA RENTA VARIABLE INTERNACIONAL FI B;ES0112186012;10/12/2025;25,591152;EUR
SANTALUCIA RENTA VARIABLE INTERNACIONAL FI B;ES0112186012;11/12/2025;25,492827;EUR
SANTALUCIA RENTA VARIABLE INTERNACIONAL FI B;ES0112186012;12/12/2025;25,346976;EUR
SANTALUCIA RENTA VARIABLE INTERNACIONAL FI B;ES0112186012;14/12/2025;25,345277;EUR
SANTALUCIA RENTA VARIABLE INTERNACIONAL FI B;ES0112186012;15/12/2025;25,279972;EUR
SANTALUCIA RENTA VARIABLE INTERNACIONAL FI B;ES0112186012;16/12/2025;25,158669;EUR
SANTALUCIA RENTA VARIABLE INTERNACIONAL FI B;ES0112186012;17/12/2025;24,999062;EUR
SANTALUCIA RENTA VARIABLE INTERNACIONAL FI B;ES0112186012;18/12/2025;25,185087;EUR
SANTALUCIA RENTA VARIABLE INTERNACIONAL FI B;ES0112186012;19/12/2025;25,397702;EUR
SANTALUCIA RENTA VARIABLE INTERNACIONAL FI B;ES0112186012;22/12/2025;25,455518;EUR
SANTALUCIA RENTA VARIABLE INTERNACIONAL FI B;ES0112186012;23/12/2025;25,533969;EUR
SANTALUCIA RENTA VARIABLE INTERNACIONAL FI B;ES0112186012;30/12/2025;25,565372;EUR
SANTALUCIA RENTA VARIABLE INTERNACIONAL FI B;ES0112186012;05/01/2026;25,798592;EUR
SANTALUCIA RENTA VARIABLE INTERNACIONAL FI B;ES0112186012;07/01/2026;25,967678;EUR
SANTALUCIA RENTA VARIABLE INTERNACIONAL FI B;ES0112186012;08/01/2026;25,956262;EUR
SANTALUCIA RENTA VARIABLE INTERNACIONAL FI B;ES0112186012;09/01/2026;26,151874;EUR
SANTALUCIA RENTA VARIABLE INTERNACIONAL FI B;ES0112186012;12/01/2026;26,137556;EUR
SANTALUCIA RENTA VARIABLE INTERNACIONAL FI B;ES0112186012;13/01/2026;26,167343;EUR
SANTALUCIA RENTA VARIABLE INTERNACIONAL FI B;ES0112186012;14/01/2026;26,079433;EUR
SANTALUCIA RENTA VARIABLE INTERNACIONAL FI B;ES0112186012;15/01/2026;26,253988;EUR
SANTALUCIA RENTA VARIABLE INTERNACIONAL FI B;ES0112186012;16/01/2026;26,247692;EUR
SANTALUCIA RENTA VARIABLE INTERNACIONAL FI B;ES0112186012;20/01/2026;25,618312;EUR
SANTALUCIA RENTA VARIABLE INTERNACIONAL FI B;ES0112186012;21/01/2026;25,769523;EUR
SANTALUCIA RENTA VARIABLE INTERNACIONAL FI B;ES0112186012;22/01/2026;25,859014;EUR
SANTALUCIA RENTA VARIABLE INTERNACIONAL FI B;ES0112186012;23/01/2026;25,818153;EUR
SANTALUCIA RENTA VARIABLE INTERNACIONAL FI B;ES0112186012;26/01/2026;25,732816;EUR
SANTALUCIA RENTA VARIABLE INTERNACIONAL FI B;ES0112186012;27/01/2026;25,722584;EUR
SANTALUCIA RENTA VARIABLE INTERNACIONAL FI B;ES0112186012;28/01/2026;25,744336;EUR
SANTALUCIA RENTA VARIABLE INTERNACIONAL FI B;ES0112186012;29/01/2026;25,689936;EUR
SANTALUCIA RENTA VARIABLE INTERNACIONAL FI B;ES0112186012;30/01/2026;25,688030;EUR
SANTALUCIA RENTA VARIABLE INTERNACIONAL FI B;ES0112186012;03/02/2026;25,806000;EUR
SANTALUCIA RENTA VARIABLE INTERNACIONAL FI B;ES0112186012;04/02/2026;25,696094;EUR
SANTALUCIA RENTA VARIABLE INTERNACIONAL FI B;ES0112186012;05/02/2026;25,416091;EUR
SANTALUCIA RENTA VARIABLE INTERNACIONAL FI B;ES0112186012;06/02/2026;25,721293;EUR
SANTALUCIA RENTA VARIABLE INTERNACIONAL FI B;ES0112186012;09/02/2026;25,808091;EUR
SANTALUCIA RENTA VARIABLE INTERNACIONAL FI B;ES0112186012;10/02/2026;25,846026;EUR
SANTALUCIA RENTA VARIABLE INTERNACIONAL FI B;ES0112186012;11/02/2026;25,927048;EUR
SANTALUCIA RENTA VARIABLE INTERNACIONAL FI B;ES0112186012;12/02/2026;25,686441;EUR
SANTALUCIA RENTA VARIABLE INTERNACIONAL FI B;ES0112186012;13/02/2026;25,666466;EUR
SANTALUCIA RENTA VARIABLE INTERNACIONAL FI B;ES0112186012;16/02/2026;25,676226;EUR
SANTALUCIA RENTA VARIABLE INTERNACIONAL FI B;ES0112186012;17/02/2026;25,736270;EUR
SANTALUCIA RENTA VARIABLE INTERNACIONAL FI B;ES0112186012;18/02/2026;25,946413;EUR
SANTALUCIA RENTA VARIABLE INTERNACIONAL FI B;ES0112186012;19/02/2026;25,974522;EUR
SANTALUCIA RENTA VARIABLE INTERNACIONAL FI B;ES0112186012;20/02/2026;26,092947;EUR
SANTALUCIA RENTA VARIABLE INTERNACIONAL FI B;ES0112186012;23/02/2026;25,918010;EUR
SANTALUCIA RENTA VARIABLE INTERNACIONAL FI B;ES0112186012;24/02/2026;26,049386;EUR
SANTALUCIA RENTA VARIABLE INTERNACIONAL FI B;ES0112186012;25/02/2026;26,224049;EUR
SANTALUCIA RENTA VARIABLE INTERNACIONAL FI B;ES0112186012;26/02/2026;26,194637;EUR
SANTALUCIA RENTA VARIABLE INTERNACIONAL FI B;ES0112186012;27/02/2026;26,081784;EUR
SANTALUCIA RENTA VARIABLE INTERNACIONAL FI B;ES0112186012;02/03/2026;26,158342;EUR
SANTALUCIA RENTA VARIABLE INTERNACIONAL FI B;ES0112186012;03/03/2026;25,872144;EUR
SANTALUCIA RENTA VARIABLE INTERNACIONAL FI B;ES0112186012;04/03/2026;25,941485;EUR
SANTALUCIA RENTA VARIABLE INTERNACIONAL FI B;ES0112186012;05/03/2026;25,914540;EUR
SANTALUCIA RENTA VARIABLE INTERNACIONAL FI B;ES0112186012;06/03/2026;25,577021;EUR
SANTALUCIA RENTA VARIABLE INTERNACIONAL FI B;ES0112186012;09/03/2026;25,538202;EUR
SANTALUCIA RENTA VARIABLE INTERNACIONAL FI B;ES0112186012;10/03/2026;25,709228;EUR
SANTALUCIA RENTA VARIABLE INTERNACIONAL FI B;ES0112186012;11/03/2026;25,772151;EUR
SANTALUCIA RENTA VARIABLE INTERNACIONAL FI B;ES0112186012;12/03/2026;25,515837;EUR
SANTALUCIA RENTA VARIABLE INTERNACIONAL FI B;ES0112186012;13/03/2026;25,477504;EUR
SANTALUCIA RENTA VARIABLE INTERNACIONAL FI B;ES0112186012;16/03/2026;25,601321;EUR
SANTALUCIA RENTA VARIABLE INTERNACIONAL FI B;ES0112186012;18/03/2026;25,454244;EUR
SANTALUCIA RENTA VARIABLE INTERNACIONAL FI B;ES0112186012;19/03/2026;25,183473;EUR
SANTALUCIA RENTA VARIABLE INTERNACIONAL FI B;ES0112186012;20/03/2026;24,815270;EUR
SANTALUCIA RENTA VARIABLE INTERNACIONAL FI B;ES0112186012;23/03/2026;24,934722;EUR
SANTALUCIA RENTA VARIABLE INTERNACIONAL FI B;ES0112186012;24/03/2026;24,902662;EUR
SANTALUCIA RENTA VARIABLE INTERNACIONAL FI B;ES0112186012;25/03/2026;25,141053;EUR
SANTALUCIA RENTA VARIABLE INTERNACIONAL FI B;ES0112186012;26/03/2026;24,829416;EUR
SANTALUCIA RENTA VARIABLE INTERNACIONAL FI B;ES0112186012;27/03/2026;24,485580;EUR
SANTALUCIA RENTA VARIABLE INTERNACIONAL FI B;ES0112186012;30/03/2026;24,493983;EUR
SANTALUCIA RENTA VARIABLE INTERNACIONAL FI B;ES0112186012;31/03/2026;24,817965;EUR
SANTALUCIA RENTA VARIABLE INTERNACIONAL FI B;ES0112186012;01/04/2026;25,080211;EUR
SANTALUCIA RENTA VARIABLE INTERNACIONAL FI B;ES0112186012;02/04/2026;25,150726;EUR
SANTALUCIA RENTA VARIABLE INTERNACIONAL FI B;ES0112186012;07/04/2026;25,186003;EUR
SANTALUCIA RENTA VARIABLE INTERNACIONAL FI B;ES0112186012;08/04/2026;25,762185;EUR
SANTALUCIA RENTA VARIABLE INTERNACIONAL FI B;ES0112186012;09/04/2026;25,849804;EUR
SANTALUCIA RENTA VARIABLE INTERNACIONAL FI B;ES0112186012;10/04/2026;25,841987;EUR
SANTALUCIA RENTA VARIABLE INTERNACIONAL FI B;ES0112186012;13/04/2026;25,972338;EUR
SANTALUCIA RENTA VARIABLE INTERNACIONAL FI B;ES0112186012;14/04/2026;26,146225;EUR
SANTALUCIA RENTA VARIABLE INTERNACIONAL FI B;ES0112186012;15/04/2026;26,280236;EUR
SANTALUCIA RENTA VARIABLE INTERNACIONAL FI B;ES0112186012;16/04/2026;26,352997;EUR
SANTALUCIA RENTA VARIABLE INTERNACIONAL FI B;ES0112186012;17/04/2026;26,585233;EUR
SANTALUCIA RENTA VARIABLE INTERNACIONAL FI B;ES0112186012;20/04/2026;26,590329;EUR
SANTALUCIA RENTA VARIABLE INTERNACIONAL FI B;ES0112186012;21/04/2026;26,482218;EUR
SANTALUCIA RENTA VARIABLE INTERNACIONAL FI B;ES0112186012;22/04/2026;26,636150;EUR
SANTALUCIA RENTA VARIABLE INTERNACIONAL FI B;ES0112186012;23/04/2026;26,624894;EUR
SANTALUCIA RENTA VARIABLE INTERNACIONAL FI B;ES0112186012;24/04/2026;26,693102;EUR
SANTALUCIA RENTA VARIABLE INTERNACIONAL FI B;ES0112186012;27/04/2026;26,698664;EUR
SANTALUCIA RENTA VARIABLE INTERNACIONAL FI B;ES0112186012;28/04/2026;26,598440;EUR
SANTALUCIA RENTA VARIABLE INTERNACIONAL FI B;ES0112186012;29/04/2026;26,549486;EUR
SANTALUCIA RENTA VARIABLE INTERNACIONAL FI B;ES0112186012;30/04/2026;26,756443;EUR
SANTALUCIA RENTA VARIABLE INTERNACIONAL FI B;ES0112186012;05/05/2026;27,002173;EUR
SANTALUCIA RENTA VARIABLE INTERNACIONAL FI B;ES0112186012;06/05/2026;27,364524;EUR
SANTALUCIA RENTA VARIABLE INTERNACIONAL FI B;ES0112186012;07/05/2026;27,284891;EUR
SANTALUCIA RENTA VARIABLE INTERNACIONAL FI B;ES0112186012;08/05/2026;27,338882;EUR
SANTALUCIA RENTA VARIABLE INTERNACIONAL FI B;ES0112186012;11/05/2026;27,421481;EUR
SANTALUCIA RENTA VARIABLE INTERNACIONAL FI B;ES0112186012;12/05/2026;27,411458;EUR
SANTALUCIA RENTA VARIABLE INTERNACIONAL FI B;ES0112186012;13/05/2026;27,607772;EUR
SANTALUCIA RENTA VARIABLE INTERNACIONAL FI B;ES0112186012;15/05/2026;27,591131;EUR
SANTALUCIA RENTA VARIABLE INTERNACIONAL FI B;ES0112186012;18/05/2026;27,543463;EUR
SANTALUCIA RENTA VARIABLE INTERNACIONAL FI B;ES0112186012;19/05/2026;27,462152;EUR
SANTALUCIA RENTA VARIABLE INTERNACIONAL FI B;ES0112186012;20/05/2026;27,683260;EUR
SANTALUCIA RENTA VARIABLE INTERNACIONAL FI B;ES0112186012;21/05/2026;27,826998;EUR
SANTALUCIA RENTA VARIABLE INTERNACIONAL FI B;ES0112186012;22/05/2026;27,982905;EUR
SANTALUCIA RENTA VARIABLE INTERNACIONAL FI B;ES0112186012;26/05/2026;28,127698;EUR
SANTALUCIA RENTA VARIABLE INTERNACIONAL FI B;ES0112186012;27/05/2026;28,152686;EUR
SANTALUCIA RENTA VARIABLE INTERNACIONAL FI B;ES0112186012;28/05/2026;28,173870;EUR
SANTALUCIA RENTA VARIABLE INTERNACIONAL FI B;ES0112186012;29/05/2026;28,231899;EUR
SANTALUCIA RENTA VARIABLE INTERNACIONAL FI B;ES0112186012;02/06/2026;28,431402;EUR
SANTALUCIA RENTA VARIABLE INTERNACIONAL FI B;ES0112186012;03/06/2026;28,402345;EUR
SANTALUCIA RENTA VARIABLE INTERNACIONAL FI B;ES0112186012;04/06/2026;28,384570;EUR
SANTALUCIA RENTA VARIABLE INTERNACIONAL FI B;ES0112186012;05/06/2026;27,957125;EUR
SANTALUCIA RENTA VARIABLE INTERNACIONAL FI B;ES0112186012;08/06/2026;27,904295;EUR
SANTALUCIA RENTA VARIABLE INTERNACIONAL FI B;ES0112186012;09/06/2026;27,898112;EUR
SANTALUCIA RENTA VARIABLE INTERNACIONAL FI B;ES0112186012;10/06/2026;27,561377;EUR
SANTALUCIA RENTA VARIABLE INTERNACIONAL FI B;ES0112186012;11/06/2026;27,902907;EUR
SANTALUCIA RENTA VARIABLE INTERNACIONAL FI B;ES0112186012;12/06/2026;28,160207;EUR
SANTALUCIA RENTA VARIABLE INTERNACIONAL FI B;ES0112186012;15/06/2026;28,538823;EUR
SANTALUCIA RENTA VARIABLE INTERNACIONAL FI B;ES0112186012;16/06/2026;28,494975;EUR
SANTALUCIA RENTA VARIABLE INTERNACIONAL FI B;ES0112186012;17/06/2026;28,384694;EUR
SANTALUCIA RENTA VARIABLE INTERNACIONAL FI B;ES0112186012;18/06/2026;28,761027;EUR
SANTALUCIA RENTA VARIABLE INTERNACIONAL FI B;ES0112186012;19/06/2026;#N/A;EUR
SANTALUCIA RENTA VARIABLE INTERNACIONAL FI B;ES0112186012;22/06/2026;28,869273;EUR
SANTALUCIA RENTA VARIABLE INTERNACIONAL FI B;ES0112186012;24/06/2026;28,554337;EUR
SANTALUCIA RENTA VARIABLE INTERNACIONAL FI B;ES0112186012;25/06/2026;28,558727;EUR
SANTALUCIA RENTA VARIABLE INTERNACIONAL FI B;ES0112186012;26/06/2026;28,448945;EUR
SANTALUCIA RENTA VARIABLE INTERNACIONAL FI B;ES0112186012;29/06/2026;28,613937;EUR
SANTALUCIA RENTA VARIABLE INTERNACIONAL FI B;ES0112186012;30/06/2026;28,843924;EUR
SANTALUCIA RENTA VARIABLE INTERNACIONAL FI B;ES0112186012;01/07/2026;28,853845;EUR
SANTALUCIA RENTA VARIABLE INTERNACIONAL FI B;ES0112186012;02/07/2026;28,795069;EUR
SANTALUCIA RENTA VARIABLE INTERNACIONAL FI B;ES0112186012;06/07/2026;28,982154;EUR
SANTALUCIA RENTA VARIABLE INTERNACIONAL FI B;ES0112186012;07/07/2026;28,806708;EUR
SANTALUCIA RENTA VARIABLE INTERNACIONAL FI B;ES0112186012;08/07/2026;28,659199;EUR
SANTALUCIA RENTA VARIABLE INTERNACIONAL FI B;ES0112186012;09/07/2026;28,849277;EUR
SANTALUCIA RENTA VARIABLE INTERNACIONAL FI B;ES0112186012;10/07/2026;28,971551;EUR
SANTALUCIA RENTA VARIABLE INTERNACIONAL FI B;ES0112186012;13/07/2026;28,833118;EUR
SANTALUCIA RENTA VARIABLE INTERNACIONAL FI B;ES0112186012;14/07/2026;28,839033;EUR
SANTALUCIA RENTA VARIABLE INTERNACIONAL FI B;ES0112186012;15/07/2026;28,917251;EUR
SANTALUCIA RENTA VARIABLE INTERNACIONAL FI B;ES0112186012;16/07/2026;28,762352;EUR
SANTALUCIA RENTA VARIABLE INTERNACIONAL FI B;ES0112186012;17/07/2026;28,490590;EUR
SANTALUCIA RENTA VARIABLE INTERNACIONAL FI B;ES0112186012;20/07/2026;28,497253;EUR
SANTALUCIA RENTA VARIABLE INTERNACIONAL FI B;ES0112186012;21/07/2026;28,727745;EUR
SANTALUCIA RENTA VARIABLE INTERNACIONAL FI B;ES0112186012;22/07/2026;28,778138;EUR
SANTALUCIA RENTA VARIABLE INTERNACIONAL FI B;ES0112186012;23/07/2026;28,553004;EUR
SANTALUCIA RENTA VARIABLE INTERNACIONAL FI B;ES0112186012;24/07/2026;28,573972;EUR
SANTALUCIA RENTA VARIABLE INTERNACIONAL FI B;ES0112186012;27/07/2026;28,609511;EUR
SANTALUCIA RENTA VARIABLE INTERNACIONAL FI B;ES0112186012;28/07/2026;28,551456;EUR
SANTALUCIA RENTA VARIABLE INTERNACIONAL FI B;ES0112186012;29/07/2026;28,205011;EUR
SANTALUCIA RENTA VARIABLE INTERNACIONAL FI B;ES0112186012;30/07/2026;28,342044;EUR
SANTALUCIA RENTA VARIABLE INTERNACIONAL FI B;ES0112186012;31/07/2026;28,526130;EUR
SANTALUCIA RENTA VARIABLE INTERNACIONAL FI B;ES0112186012;04/08/2026;29,192225;EUR